video_id,title,publishedAt,channelId,channelTitle,categoryId,trending_date,tags,view_count,likes,dislikes,comment_count,thumbnail_link,comments_disabled,ratings_disabled,description
"UULaol26dIs","훈련사도 포기한 강아지 샤페이 또또 2부｜내 강아지의 공격성 The aggression of my dog","2020-03-02T09:45:01.000Z","UCee1MvXr6E8qC_d2WEYTU5g","강형욱의보듬TV","15","20.03.03","강형욱|강형욱훈련사|보듬|보듬컴퍼니|BODEUM|강아지|반려견|개|Dog|puppy|いぬ|犬|子犬|小犬|こいぬ|교육|훈련|세나개|discipline|training|訓練|教育|반려동물|dogyoutube|강아지유튜브|doggy|ボドゥム|カン・ヒョンウク|hunterkang|Koreandogtrainer|개훌륭|개는훌륭하다|강아지강씨|Dogs Are Incredible|KBS|Kang Hyong Wook|반려견행동전문가|훈련사|trainer|handler|Trained attendant|doggy guru|guru|내강아지의공격성|강아지공격성|샤페이|샤페이공격성|개물림|강아지물림|개물림사고|강아지물림사고|개공격성|반려견공격성|강아지공격성교육|개공격성교육|반려견공격성교육|보듬공격성교육|강형욱공격성교육|토종견공격성|토종개공격성","378971","6282","153","929","https://i.ytimg.com/vi/UULaol26dIs/default.jpg","False","False","[Eng sub/日本語字幕]함께할 행복을 꿈꾸며 데려온 보호자의 첫 강아지.하지만 일반적인 어린 강아지들과는 다른 모습의 또또.심각해진 또또의 공격성에 깊어가는 몸과 마음의 상처.훈련사들에게 도움을 청해봤지만 계속되는 교육 실패...심지어 훈련사의 얼굴까지 물었다?!훈련사도 포기해버린 또또를 위한 솔루션은 무엇일까?강형욱의 보듬TV `내 강아지의 공격성`에서훈련사도 포기한 강아지 샤페이 또또의 공격성을 진단해 봅니다.#터치에대한공격성 #과한청결의식공격성 #무는개공격성 교육은 보호자님과 반려견의 안전을 위해 전문가와 진행해주세요.공격성은 반드시 꾸준한 교육과 관리가 필요합니다.유튜브 '강형욱의 보듬TV' 신규 콘텐츠에 출연하실'반려견의 공격성으로 고민하는 보호자님'을 찾습니다.▶ '내 강아지의 공격성' 출연 신청방법아래 내용을 작성하여 신청 메일을 보내주세요.* 신청서 보내실 곳  bodeumofficial@naver.com1) 반려견의 이름, 견종, 나이 등 : 2) 보호자 연락처 : 3) 고민하고 계신 공격성에 대해 최대한 상세하게 설명해주세요 : 4) 필수항목 - 반려견의 공격성을 파악할 수 있는 영상 첨부(CCTV 영상, 기존에 촬영한 공격 장면 영상 혹은 공격성의 짐작할 수 있는 상황의 영상이나 사진)▶보듬 공식 홈페이지 https://www.bodeum.co.kr　▶보듬 공식 페이스북https://www.facebook.com/bodeum0527혼내지 않아도 혼나지 않아도 되는 반려견 교육, 보듬"
"pwD09TYSGeE","전세계를 홀린 '방탄소년단'의 'ON' 인기가요 컴백무대! / DIRECTOR's CUT","2020-03-01T07:49:30.000Z","UCS_hnpJLQTvBkqALgapi_4g","스브스케이팝 / SBS KPOP","24","20.03.03","Inkigayo|BTS|방탄소년단|인기가요","3238906","372543","2719","11037","https://i.ytimg.com/vi/pwD09TYSGeE/default.jpg","False","False","전세계를 홀린 '방탄소년단'의 'ON' 인기가요 컴백무대! / DIRECTOR's CUTCOMEBACK!넘어져도 다시 일어나 scream!BTS, 'ON' 컴백무대!인기가요에서 특별히 스브스 케이팝에 본방과 다른 버전을 제공해줬습니다.미묘한 차이도 크게 만드는 'BTS'의 무대를 함께 즐겨보세요!방탄소년단 - ON (BTS - ON)#BTS #방탄소년단 #ON"
"cfHtYTtjTLU","엎드려 사죄 구합니다 두 번 무릎 꿇은 이만희 신천지 총회장 (풀영상) / SBS","2020-03-02T07:46:27.000Z","UCkinYTS9IHqOEwR1Sze2JTw","SBS 뉴스","25","20.03.03","[none]","356767","1648","1562","1463","https://i.ytimg.com/vi/cfHtYTtjTLU/default.jpg","False","False","#SBS8뉴스 #SBS뉴스 #코로나19 #실시간 으로 만나 보세요라이브 뉴스 채널 SBS 모바일24※ 원활한 서비스 환경을 위해 LIVE 스트리밍 서버를 재부팅할 수 있습니다. 시청 중 '종료' 알림이 뜨더라도, 홈 화면 (https://www.youtube.com/sbs8news) 에서 곧 재개됩니다.▶SBS 뉴스 제보하기홈페이지: https://news.sbs.co.kr/news애플리케이션: 'SBS 뉴스' 앱 설치하고 제보카카오톡: 'sbs 뉴스'와 친구 맺고 채팅페이스북: 'sbs 뉴스' 검색해 메시지 전송이메일: sbs8news@sbs.co.kr 문자: #6000전화: 02-2113-6000▶SBS 뉴스 채널 구독하기 : https://n.sbs.co.kr/youtube ▶SBS 뉴스 라이브 : https://n.sbs.co.kr/live"
"H-5boHmeovQ","[풀영상] 신천지 이만희 총회장 '코로나19' 기자회견","2020-03-02T09:49:00.000Z","UCcQTRi69dsVYHN3exePtZ1A","KBS News","25","20.03.03","신천지|이만희|총회장|코로나|코로나19|우한|폐렴|가평|평화의궁전|기자회견|라이브|LIVE|KBS|이만희 시계|이만희 눈동자","521453","1637","1673","755","https://i.ytimg.com/vi/H-5boHmeovQ/default.jpg","False","False","신천지예수교 증거장막성전(이하 신천지) 이만희 총회장이 코로나19 사태에 관해 직접 공식 입장을 발표합니다. 신천지 신도 사이에서 코로나19 확진자가 급증한 뒤, 이 총회장이 공식석상에서 입장을 밝히는 것은 이번이 처음입니다. 신천지는 현재 국내 코로나19 확산에 대한 입장과 앞으로의 계획 등을 오늘 기자회견에서 밝힐 예정입니다.#코로나19 #신천지 #이만희"
"bYdDxEa3us8","[EPISODE] BTS (방탄소년단) 'ON' MV Shooting Sketch","2020-03-02T09:00:00.000Z","UCLkAepWjdylmXSltofFvsYQ","BANGTANTV","10","20.03.03","방탄소년단|BTS|BANGTAN|HIPHOP|알엠|RM|슈가|SUGA|제이홉|jhope|지민|JIMIN|뷔|정국|JUNGKOOK|진|JIN","2032255","523083","896","14309","https://i.ytimg.com/vi/bYdDxEa3us8/default.jpg","False","False","Connect with BTS:http://www.ibighit.comhttp://twitter.com/BTS_bighithttp://twitter.com/BTS_twthttp://www.facebook.com/bangtan.officialhttp://instagram.com/BTS.bighitofficialhttps://channels.vlive.tv/FE619https://www.tiktok.com/@bts_official_bighithttps://app.weverse.io/gpt4o http://weibo.com/BTSbighithttps://www.weibo.com/BTSmemberhttp://i.youku.com/btsofficialhttp://btsblog.ibighit.com"
"D-mvt8VUjhw","신천지 교주 이만희의 전재산 총공개","2020-02-29T08:45:01.000Z","UCfveR_tzzmBl79XziG8_9gQ","두유노Do you Know","22","20.03.03","이만희|이만희 재산|이만희 부동산|이만희 재력|이만희 연봉|이만희 성금|신천지 재산|신천지 자산|신천지 헌금|신천지 부동산|신천지 전재산|이만희 전재산|이만희 실체|이만희 설교|이만희 김남희","902411","11635","1119","3817","https://i.ytimg.com/vi/D-mvt8VUjhw/default.jpg","False","False","사이비 종교라 평가받는 신천지의 이만희 교주의 재력과 재산에 대한 이야기입니다정상적인 유튜브가 허용한 공유방식이 아닌 모든 불펌형태의 방식을 불허합니다. 영상공유시 유튜브에서 허용한 정상적인 방법으로만 부탁드립니다 p.s 두유노의 돈에관한이야기는 최대한 팩트에 근거해 만들어지나,타인의 재산은 누구도 100%알수 없는만큼 오차가 있을수 있다는점을 양해부탁드리며, 언론에 공개된 자료를 근거해 어느정도 수준이구나 정도로만 재미로 봐주시기바랍니다^^더불어 세금은 어떻게 신고하고 얼마를 소비했는지등에 따라 수백수천개의 경우의수로 천차만별이라 포함하지 않는점 참고부탁드립니다^^"
"E3aiScscUJA","[YTN LIVE] 신천지 이만희 총회장 기자회견","2020-03-02T07:43:01.000Z","UChlgI3UHCOnwUGzWzbJ3H5w","YTN NEWS","25","20.03.03","[none]","348981","1491","1261","713","https://i.ytimg.com/vi/E3aiScscUJA/default.jpg","False","False",""
"Kc8b4cWEnLI","방탄소년단 'ON’ 뮤직뱅크 1위 앵콜 직캠 (BTS 'ON' Encore Fancam) │ @MusicBank 200228","2020-03-02T05:44:57.000Z","UCeLPm9yH_a_QH8n6445G-Ow","KBS Kpop","10","20.03.03","KBS|KPOP|뮤직|KBSKPOP|K-POP|케이팝|kpop|KBSKpop|음악|bts|방탄소년단|방탄|지민|jimin|제이홉|j-hope|RM|정국|jungkook|슈가|sugar|뷔|진|JIN|랩몬스터|랩몬|아미|army|방탄소년단 직캠|방탄소년단 풀캠|지민직캠|제이홉직캠|RM직캠|BTS fancam|뷔 직캠|슈가 직캠|정국 직캠|진 직캠|방탄 블랙스완|Black Swan Fancam|BTS ON|ON 직캠|방탄소년단 ON|방탄 ON","462668","45021","236","1810","https://i.ytimg.com/vi/Kc8b4cWEnLI/default.jpg","False","False","#BTS #On_1위More from #KBSKPOPTwitter:       https://twitter.com/StudioK_twitInstagram: https://www.instagram.com/studiok__official/"
"tyeDg0RoSaA","[생중계] '코로나19' 특별방송-신천지 이만희 총회장 긴급 기자회견/정부 중앙방역대책본부 정례 브리핑/국회 대정부질문","2020-03-02T09:49:53.000Z","UClAfLVQYZSLrMAQQ_SXPVZw","OhmynewsTV","25","20.03.03","[none]","112575","1719","108","108","https://i.ytimg.com/vi/tyeDg0RoSaA/default.jpg","False","False","[생중계] '코로나19' 특별방송-신천지 이만희 총회장 긴급 기자회견/정부 중앙방역대책본부 정례 브리핑(화면제공:KTV)/국회 대정부질문(화면제공:NATV 국회방송)#코로나19 #신천지 #이만희 #정부브리핑* '매월 1만원' 자발적 시청료 내기 10만인클럽 010-3270-3828"
"gcx6zQlYmUk","응원하는유형ㅋㅋㅋ (feat.식빵 언니)","2020-03-01T00:37:20.000Z","UCGS6cF75ZieNdszK_3BrQZQ","급식걸즈","23","20.03.03","급식왕|두더지|발가락쌤|징징이|방울이|학교|웃긴영상|급식게임즈|유형|재밌는영상|밍꼬발랄|깝숙이|배구|김연경|식빵언니|흔한남매|보물섬|플레이리스트|웹드라마|재밌는|배구선수|배구스파이크|배구레전드","377807","6988","505","2063","https://i.ytimg.com/vi/gcx6zQlYmUk/default.jpg","False","False","#급식왕 #배구 #유형 비즈니스 메일:  schoolfoodgirls@sandboxnetwork.net 급식왕 채널 링크 https://www.youtube.com/channel/UCJundLkbjldzL60kFfKm1vQ급식게임즈 채널 링크 https://www.youtube.com/channel/UCCWHOI_Xth7mINE98Nprz6A급식커플 채널 링크https://www.youtube.com/channel/UCEDR6NjX2VL5S3DJ1ENRIYw급식걸즈를 시청해 주셔서 감사합니다. 항상 최선을 다하겠습니다"
"8TqEdYO0iRw","[3月의 무도] 저리 가 만지지 마!!!😣 얼굴 못생겨져 만지지 마!!!!!😫 美男이시네요 1편  infinite challenge","2020-03-02T09:00:00.000Z","UChY4PXxJI0aJYsGT1X6INWA","옛능 : MBC 옛날 예능 다시보기","24","20.03.03","MBC|유재석|마봉춘|다시보기|VOD|FULL|웃긴|코미디|무한도전|무도|무도레전드|추억|옛날|고전|예능|드라마|예전|90년대|클래식|레전드|명작|주말|엠비씨|재방|무리한 도전|무모한 도전|무한도전 레전드|정준하|박명수|정형돈|하하|노홍철|길|전진|광희|조세호|양세형|김태호|시즌2|오분순삭|놀면뭐하니|런닝맨|5분|특집|마지막회|1회|막방|infinite challenge|running man|미남이시네요|외모전쟁|투표|못친소|전국|일찍와주길바래|외모순위|오호츠크해|그들만의리그|미남|美男","152796","1640","59","444","https://i.ytimg.com/vi/8TqEdYO0iRw/default.jpg","False","False","[무도의 3월은 어땠을까?]최고 명예! 1년간 이름 위에 '미남' 자막을 얻기 위한 자존심 싸움!!네가 해선 안 될 얘기가 몇 가지 있는데 그중 하나가 얼굴이야!!😫그들만의 리그 외모대결 발발 이후 물 건너 온 외모 순위 논란!경찰서 가~~!!!! 이런 얼굴은 경찰서에서 안 받아줘!!반칙 난무!! 본격 거리유세 앞두고 치열한 신경전!!방영일자 : 20110312무한도전 1화부터 FULL버전 다시 보기 (2006년 5월 6일~2018년 3월 31일) →▶ WAVVE :https://m.wavve.com/player/vod?contentid=M_1000786100002100000.1▶ iMBC :http://m.imbc.com/Vod/VodPlay?progCode=1000786100000100000&broadcastID=1000786100002100000&type=VOD​#무리한도전#무모한도전#무한도전레전드#유재석"
"JqQ5V5hPVfw","[LIVE MUG] 이만희 신천지 총회장, 긴급 기자회견 현장 / 비디오머그","2020-03-02T08:18:14.000Z","UCMEbRpvuwTbXxGiyDb1mT8w","VIDEOMUG비디오머그","25","20.03.03","비디오머그|라이브|생중계|중앙사고수습본부|질병관리본부|브리핑|코로나19|코로나|우한|바이러스|감염병|감염|신천지|이만희|총회장|교인|기독교|사이비|코로나바이러스|메르스|박근혜|시계|신종코로나","269593","1963","394","778","https://i.ytimg.com/vi/JqQ5V5hPVfw/default.jpg","False","False","신천지 이만희 총회장이 오늘(2일) 오후 코로나19 사태 관련 공식 기자회견을 열고 직접 입장을 밝힙니다. 기자회견 장소는 경기도 가평 신천지 연수원이며 이 총회장 외에 신천지 관계자들도 참석할 것으로 전해졌습니다. 앞서 31번 환자 확진 이후 신천지 대구교회가 코로나19 국내 확산의 슈퍼전파지로 거론되면서 정부는 신천지 전체 교인 명단을 제공받고, 신천지 대구교회 신도 전체에 대한 전수조사를 진행하고 있습니다. 여기에 서울시는 어제(1일) 이 총회장과 12개 지파 지파장을 살인죄, 상해죄 및 감염병 예방 관리에 관한 법률 위반 혐의로 서울중앙지검에 고발하기도 했습니다. 신천지 측이 온라인 중계를 통해 신천지 공식 입장을 밝힌 적은 있지만 이만희 총회장이 직접 모습을 드러내 의견을 밝히는 것은 이번이 처음입니다. 비디오머그가 이 총회장의 기자회견 현장을 라이브로 전해드립니다. [LIVE MUG] 이만희 신천지 총회장, 긴급 기자회견 현장 / 비디오머그#코로나19 #신천지 #이만희_총회장"
"YLhge4T1MUU","[라리가 26R] 레알 마드리드 vs 바르셀로나 H/L","2020-03-01T22:34:57.000Z","UCtm_QoN2SIxwCE-59shX7Qg","SPOTV","17","20.03.03","SPOTV|스포티비|레알 마드리드|바르셀로나|하이라이트","780248","6491","195","2389","https://i.ytimg.com/vi/YLhge4T1MUU/default.jpg","False","False","레알 마드리드 vs 바르셀로나 경기 하이라이트"
"p8bh-5gqp14","정부 때리면서 신천지엔 침묵…미래통합당 '역풍'","2020-02-29T12:30:11.000Z","UCugbqfMO94F9guLEb6Olb2A","HankyorehTV","25","20.03.03","한겨레|한겨레TV|Hankyoreh|HankyorehTV|korea|한국|대한민국|한겨레 라이브|Hankyoreh Live","432545","21689","3293","8783","https://i.ytimg.com/vi/p8bh-5gqp14/default.jpg","False","False","미래통합당 지도부가 코로나19 확산의 정부 책임론을 강조하며 연일 공세 수위를 높이고 있습니다. 그런데 국내‘감염 폭발’의 허브 노릇을 한 신천지에 대한 대응과 관련해선 별로 목소리를 내지 않고 있습니다. 중국과 정부엔 온갖 비판을 퍼부으면서도 신천지 앞에만 서면 작아지는 모양새인데요. 과연 왜 그러는 것이고, 또 어떻게 봐야 할까요.황교안 대표와 조경태 최고위원 등 미래통합당 지도부가 신천지에 대해 한 발언과 이에 대한 심상정 정의당 대표, 진중권씨 등의 비판을  소개합니다.통합당 지도부의 침묵엔 이유가 있다고 하는데요. 자세한 내용 지금 영상으로 확인하시죠.●제작기획·진행 손원제 기자 wonje@hani.co.kr연출·촬영 조소영 피디 azuri.co.kr자료화면 권영진 촬영감독, 박수정 피디 ●〈한겨레TV〉 유튜브 채널 구독하기 -https://goo.gl/vYg2yI● 한겨레 LIVE 미리보기 - http://bitly.kr/c8uVXR■ 한겨레 채널 모음▶ 인터넷한겨레: http://www.hani.co.kr▶ 한겨레TV: http://www.hanitv.com/▶ 한겨레TV 페이스북: https://www.facebook.com/hankyorehtv/▶ 한겨레신문 구독: https://goo.gl/MBKMLD▶ 영상과 취재 관련 제보: pd295@hani.co.kr#신천지 #미래통합당 #황교안 #심재철 #조경태 #한겨레_라이브_화목_오후6시 # #"
"SqhIIKYxIZo","(긴급)신천지 이만희 소재파악 서울의소리 체포 출동 중","2020-03-02T09:28:34.000Z","UCUxTPRSns--l5BX2537u7Rw","서울의 소리 The Voice of Seoul","24","20.03.03","응징언론|서울의소리|응징언론서울의소리|초심|백은종|서울의소리백은종|초심백은종|신천지|신천지코로나|코로나바이러스|코로나19|황교안|미신천지당|미래통합당|신천지 미래통합당|자유한국당|미래한국당|자한당|미통당|심재철|곽상도|신천지사이비|사이비|이만희|신천지이만희","306972","10891","462","141","https://i.ytimg.com/vi/SqhIIKYxIZo/default.jpg","False","False","신천지 이만희 소재파악 서울의소리 체포 출동 중일시후원:국민은행 794001-04-154041 서울의소리(강경자)전화후원:1877-1590,  PAYPAL후원: buea12@hanmail.net정기후원: https://www.ihappynanum.com/Nanum/B/V... 멤버쉽 가입: https://www.youtube.com/channel/UCUxT...응징언론 서울의소리 보기:http://amn.kr"
"9hl6RlAF4WI","[Right Now] 현장영상_신천지 이만희 총회장 신천지 대표로서 국민께 진심으로 사죄","2020-03-02T06:45:54.000Z","UCF4Wxdo3inmxP-Y59wXDsFw","MBCNEWS","25","20.03.03","MBC|MBC뉴스|뉴스데스크|newsdesk|뉴스투데이|newstoday|8시뉴스|아침뉴스|뉴스|정오뉴스|news","182216","2278","524","2994","https://i.ytimg.com/vi/9hl6RlAF4WI/default.jpg","False","False","이만희 신천지예수교회 총회장이 신종코로나바이러스 감염증(코로나19) 확산 사태 이후 국민 여러분께 사죄의 말씀을 드린다. 31번 코로나 사건과 관련하여 신천지 대표로서 진심으로 사죄드린다며 처음으로 입장을 밝혔다.이 총회장은 2일 오후 3시 경기도 가평 신천지 연수원에서 '코로나19' 관련 신천지 예수교회 기자회견'을 통해 이같이 밝혔다.https://imnews.imbc.com/original/todayfield/5667437_32167.html#신천지 #이만희 #코로나19 #이만희기자회견"
"qie0HKbuC-c","[김광일의 입] 이인영 “똥물!” vs 심상정 “탄핵!”","2020-03-02T09:00:08.000Z","UCdp4_yTBhQmB8E339Lafzow","조선일보","25","20.03.03","조선일보|조선|언론|이슈|신문|방송|뉴스|정치|이인영|심상정|더불어민주당|정의당|미래통합당|비례정당|비례대표|미래한국당|문재인|탄핵","210050","20722","383","948","https://i.ytimg.com/vi/qie0HKbuC-c/default.jpg","False","False","심 대표는 “(민주당이) 원래 1당을 뺏기면 대통령이 탄핵당할 수 있다는 생각은 민주당의 초조함과 불안감의 반영일 뿐”이라면서 “정말 탄핵 위기가 온다면 민주당이 과반을 가진다 해도 막을 수 없다”고 했다. 심 대표가 정말 하고 싶은 말은, 만약 민주당이 비례정당을 만들 경우 정의당은 ‘울산 선거공작’, ‘코로나 사태’에 관한 대통령의 책임을 물어서 탄핵을 추진하는데 범보수 야당과 힘을 합칠 수도 있다는 ‘간접 협박’이다. 민주당이 ‘똥물!’이라는 욕을 하자, 정의당은, 그래 그렇다면 ‘탄핵!’이다, 라고 맞받아친 것이다.🔸 조선닷컴 공식 홈페이지 http://www.chosun.com🔸 조선일보 무료구독체험 : http://bit.ly/2WnNAF7🔸 조선비즈 공식 홈페이지 http://biz.chosun.com🔸 공식 페이스북 : https://www.facebook.com/chosun🔸 공식 트위터 : https://twitter.com/chosun◈ 사실에 대한 믿음, 할 말을 하는 용기. 조선일보◈#조선일보 #뉴스 #속보 #제보"
"5VMc3FjMKWg","[장용진의 학익진]  ‘신천지 압수수색 못한다’던 윤석열... 사흘 만의 태세 전환, 왜?","2020-03-02T05:45:00.000Z","UCljnbFCt-4doBr7wtEIIbbw","김용민TV","25","20.03.03","김용민|김용민브리핑|데마시안|김엄마|나는꼼수다|관훈라이트|피하지방법원|히히히스토리|정치부심|카이로스|평화나무|학익진|장용진|기자|장용진 기자|법조계 뉴스|신천지|신천지 압수수색|윤석열|태세 전환|조국|표창장|대권주자|코로나19|조범동|정경심|공소장 변경신청|공소장|변호인|전광훈|구속|전광훈 구속|영장발부|공직선거법 위반|선거운동|순교단|극우|이명박|이명박 석방|보석취소|법정구속|이만희|청평|가평|보트|이만희 보트|청평호","271794","25643","235","1583","https://i.ytimg.com/vi/5VMc3FjMKWg/default.jpg","False","False","김용민TV 2월 LIVE 편성표월~목 20시 : 용칼+용터뷰 (with 스페셜게스트)월요일 21시 : 관훈라이트클럽 (with 민동기, 정상근)화요일 21시 : 피하지방법원 (with 김남국, 소제인)수요일 21시 : 히히히스토리 (with 김준혁, 오윤혜)목요일 21시 : 정치부심 (with 황현희, 박원석, 김성회, 최민희)금요일 20시 : 박시영의 눈 쇼핑은 김용민 닷컴 https://www.kimyongmin.com/shop광고문의master@demasian.com1544-1871"
"BUWdkzpMPik","[3/2]우상호,박향,최문순,김영록,중국 자가격리자│김어준의 뉴스공장","2020-03-02T01:37:50.000Z","UC5HSw5OY2vfVFSihpiB-AVQ","TBS 시민의방송","25","20.03.03","tbs|김어준|뉴스공장|코로나19|신천지|확진자|우한폐렴|마스크|KF94|대구|온천교회|부산|서울","430549","27770","591","755","https://i.ytimg.com/vi/BUWdkzpMPik/default.jpg","False","False","3월2일(월) 김어준의 뉴스공장★오전 9시, TBS 특집 코로나19가 이어집니다.★뉴스공장에서 신천지 관련 시설이나 모임, 신천지 신도(전,현)분들의 제보를 받습니다. * 제보 메일 : tbsjebo@gmail.com◎ 1부[ 이 정도는 알아야 할 아침 뉴스 ]- 류밀희 기자 (TBS)[ 잠깐만 인터뷰 ] -전화연결한국인 차별하는 중국 공안? 엉터리 보도...격리 중 혐한, 차별 전혀 없어- 익명 (중국 자가격리자)◎ 2부[ 인터뷰 제1공장 ] -전화연결신천지 교인 전수조사 무증상자도 검사 중, 확진자 더 급증할 것- 이상호 부본부장 (대구시의사회 코로나19 대책본부)[ 지자체장 릴레이 1 - 코로나 19] -전화연결코로나19 대구 확진자에 병상 제공 우리의 형제도시 대구 지킬 것- 박향 자치행정국장 (광주광역시청)[ 지자체장 릴레이 2 - 코로나 19] -전화연결“신천지 진술과 실제 동선 불일치, 후속 조치 필요...사법당국 개입해야 ”– 최문순 지사 (강원도)[ 지자체장 릴레이 3 - 코로나 19] -전화연결청정지역에도 파고든 코로나 19 “지자체간 신천지 정보 공유가 중요해”– 김영록 지사 (전라남도)◎ 3부[ 황야의 우나이퍼 ]오늘부터 대정부질문...코로나19 대응·추경 규모 공방 전망– 우상호 의원 (더불어민주당)◎ 4부[ 잠깐만 인터뷰 ] -전화연결중소기업유통센터&중소기업, 마스크 ‘노마진 판매’로 수급 안정화- 정진수 대표이사 (중소기업유통센터)[ 인터뷰 제2공장 ]2019년 4분기 가계소득 분석...“소득주도성장 효과 확인됐다”- 최배근 교수 (건국대학교 경제학과)[ 인터뷰 제3공장 ]진술 번복, 명단 미제출...코로나19 신천지의 법적 책임은?  - 양지열 변호사- 신장식 변호사 (금융정의연대 법률지원단장)- 장용진 기자 (아주경제 사회부장)----------------------------------------------▶TBS 페이스북 https://www.facebook.com/mylovetbs/▶TBS 트위터 https://twitter.com/seoultbstv▶tbs 홈페이지 https://www.tbs.seoul.kr/▶네이버TV (김어준의 뉴스공장) http://tv.naver.com/newsfactory ▶tbs 커뮤니티 http://bit.ly/2EaWnQp"
"UcAedwqAkF0","터키아이스크림 아저씨 VS 복싱 챔피언 누가 더 빠를까? ㅋㅋㅋㅋㅋㅋㅋㅋ","2020-03-01T06:30:11.000Z","UC9ZLv1m7QDLv991X1-p50AA","보물섬","23","20.03.03","[none]","887008","15610","508","2385","https://i.ytimg.com/vi/UcAedwqAkF0/default.jpg","False","False","아니?! 의외로 승부가 안나잖아?! 어이 믿고 있었다구!!"
"L4KGFdIy2bc","3D펜으로 기미독립선언서 만들기","2020-03-01T04:20:09.000Z","UCd4FmcWIVdWAy0-Q8OJBloQ","사나고 Sanago","26","20.03.03","사나고|3D펜|3Dpen|만들기|making|3d프린터|3Dprinting","1186139","105594","460","9206","https://i.ytimg.com/vi/L4KGFdIy2bc/default.jpg","False","False","● 3D펜 살땐! [사나고샵]https://smartstore.naver.com/sanago● 3D펜카페 [사나고의 3D펜 비밀기지]https://cafe.naver.com/sanago● 나고사진 보려면? 인스타그램https://www.instagram.com/sanago_kr/● 트위치 방송국 바로가기https://www.twitch.tv/sanago_kr● Contact 광고문의uggnll@naver.com● 자막제공 - 컨텐츠플라이 contentsfly#사나고 #3Dpen #3D펜"
"AnroFnu4nFo","억대 연봉의 잘나가는 변호사 서동주 이제 일보단 사랑이 고파요 (feat.보살팅♥) [무엇이든 물어보살]","2020-03-01T22:00:00.000Z","UCr0adenI5KeQFJkMIGjq5qw","KBS N","24","20.03.03","KBSN|서장훈|이수근|무엇이든물어보살|고민상담|점괘|보살|선녀보살|동자보살|KBSJoy","125455","765","104","331","https://i.ytimg.com/vi/AnroFnu4nFo/default.jpg","False","False","연애가 어려운 그녀를 위해 즉석에서 벌어진 전화 보살팅~♥보살들이 적극추천 해준 그녀에게 딱~맞는 남자는? #서동주▶ 상담신청 : kbsbosal@naver.com▶ KBS Joy #무엇이든물어보살 매주 월요일 저녁 8시 30분★▶ 클립 더 보기 : https://tv.naver.com/kbs.buddhist[KBS N]▶ 홈페이지 : http://www.kbsn.co.kr▶ 페이스북 : http://www.facebook.com/happykbsn▶ 인스타그램 : https://www.instagram.com/kbsn_official"
"w8CTlMVpJuQ","[요약] 마성의 매력 심교수!! 구구절절 옳은 말만 하는 카리스마 모먼트♡ 《낭만닥터 김사부2 / 스브스캐치》","2020-03-02T07:43:30.000Z","UC3re3ueOE_6VZK85zlEUWFA","SBS Catch","24","20.03.03","스브스캐치|스브스캐치 드라마|드라마 낭만닥터 김사부|낭만닥터 김사부2|낭만닥터 김사부 1회|낭만닥터 김사부 명장면|낭만닥터 김사부 한석규|낭만닥터 김사부 이성경|낭만닥터 김사부 안효섭|한석규 드라마|안효섭 드라마|이성경 드라마|드라마 추천|낭만닥터 김사부 하이라이트|낭만닥터 김사부 요약|드라마 요약|심교수 낭만닥터","197919","5146","54","562","https://i.ytimg.com/vi/w8CTlMVpJuQ/default.jpg","False","False","[스브스캐치] 구독하기▶https://goo.gl/bnT3WD마성의 매력 심교수!!구구절절 옳은 말만 하는 카리스마 모먼트♡ 몰아보자~~스브스캐치 페이스북 ▶ https://goo.gl/MYWh4V스브스캐치 인스타그램 ▶ https://goo.gl/9kukCu"
"pUc5VE56dcc","독일언론이 한국의 행동에 크게 놀라며 대서특필한 이유 독일 이러는것 처음봄 동시에 한국에 관심폭발한 상황","2020-03-02T06:11:24.000Z","UCc4OuY3PeWklqBzQ3ySi3xA","Travel Tube","25","20.03.03","독일|한국|독일언론|한국정부|한국시스템|극찬|독일반응","347829","12123","351","1115","https://i.ytimg.com/vi/pUc5VE56dcc/default.jpg","False","False","독일언론이 한국에 대해 집중 조명하고 있습니다.제휴컨텐츠 뉴스 기사의 부분 및 전체 인용 사전승인 - 저작권자(C)  연합뉴스, Travel Tube - 뉴스컨텐츠 무단전재 및 재배포금지 - 트래블튜브 영상공유 가능"
"gmuhXk-M_CQ","[TV조선 LIVE] 3월 2일 (월) 뉴스특보 - 신천지 이만희, 기자회견","2020-03-02T08:13:10.000Z","UCWlV3Lz_55UaX4JsMj-z__Q","뉴스TVCHOSUN","25","20.03.03","코로나|우한폐렴|핫라인|엄성섭|티비조선|tv조선|신종코로나|마스크","120215","2489","328","183","https://i.ytimg.com/vi/gmuhXk-M_CQ/default.jpg","False","False","[TV조선 LIVE] 3월 2일 (월) '뉴스특보' 주요뉴스  ● 국내 누적 사망자 26명● 대구 확진자 3000명 돌파● 중국 유학생 확진자 발생● 신천지 이만희, 기자회견● 전국에서 마스크 구매 행렬📡 월~금 07:30 뉴스퍼레이드📡 월        08:40 네트워크 매거진📡 월~금 09:00 신통방통📡 월~금 13:00 보도본부 핫라인📡 월~금 14:30 사건파일 24📡 월~금 17:30 시사쇼 이것이 정치다📡 월~금 21:00 뉴스9📡 토~일 14:00 뉴스현장📡 토~일 19:00 뉴스7[Ch.19]  사실을 보고 진실을 말합니다.👍🏻 공식 홈페이지 http://news.tvchosun.com/👍🏻 공식  페이스북 https://www.facebook.com/tvchosunnews/👍🏻 공식 트위터 https://twitter.com/TVChosunNews* 뉴스제보 : 이메일(tvchosun@chosun.com), 카카오톡(tv조선제보), 전화(1661-0190)"
"2-oCxh1Q5vM","[라이온즈tv] LG 트윈스  vs 삼성 라이온즈 ⚾ #스프링캠프 연습경기 다시보기 (3.2)","2020-03-02T07:40:38.000Z","UCMWAku3a3h65QpLm63Jf2pw","LionsTV 라이온즈tv","17","20.03.03","야구|baseball|프로야구|KBO|KBO 리그|삼성 라이온즈|SAMSUNG LIONS|연습경기|오키나와|스프링캠프|전지훈련|Springcamp|Springtraining|Okinawa|LG 트윈스|LG TWINS|다시보기|생중계|LIVE","107492","1601","42","77","https://i.ytimg.com/vi/2-oCxh1Q5vM/default.jpg","False","False","삼성 라이온즈 공식 유튜브, LionsTV 팬과 함께, 라이온즈tvLG 트윈스 vs 삼성 라이온즈 연습경기 다시보기3월 2일 월요일 13:00 @아카마 볼파크📋 LG 트윈스 라인업 : 1. 이천웅(중견) / 2. 김현수(지명) / 3. 채은성(우익) / 4. 라모스(1루) / 5. 이형종(좌익) / 6. 김민성(3루) / 7. 오지환(유격) / 8. 김재성(포) / 9. 정주현(2루) / 선발투수 차우찬📋 삼성 라이온즈 라인업 : 1. 김헌곤(우익) / 2. 구자욱(좌익) / 3. 이성규(중견) / 4. 이원석(3루) / 5. 김상수(2루) / 6. 김동엽(지명) / 7. 강민호(포) / 8. 최영진(1루) / 9. 김재현(유격) / 선발투수 라이블리📣 구독자 이벤트 당첨자 명단- 전설의 필승조 사인볼 세트 : jessica님(재추첨), Kevin Kim님 / 이덕진님, Kudo 1412님 / 우찬23차님- 스프링캠프 모자 : 순혀기님, 사랑랑님."
"QySN5SAsnjI","(다반뉴스) 고등학생도 문재인 하야 폭발!!! / 신의한수 20.03.02","2020-03-02T11:58:10.000Z","UCgOLQwRv1r2m9mhE1tfsn3Q","신의한수","25","20.03.03","[none]","182956","23566","647","909","https://i.ytimg.com/vi/QySN5SAsnjI/default.jpg","False","False","https://www.pkmall.co.kr/shop/item_youtube_sin.php  (구전녹용 온라인 주문 주소)(주)민초 커뮤니케이션 대표 신혜식입니다. 더욱 열심히 하는 신의 한수가 되겠습니다. 애국 시민의 소중한 구독료는 애국 방송 사업에 쓰입니다.정기 구독 ARS 가입  1877-1477* 인터넷가입http://www.ihappynanum.com/Nanum/B/3JO90YUSOZ앞으로 더욱 더 좋은 애국 방송으로 보답해드리겠습니다.아래의 계좌번호는 민초커뮤니케이션 후원 계좌번호입니다.국민은행 032901-04-262037(주)민초커뮤니케이션"
"zIpIg0XoJLs","깜놀?","2020-03-02T06:34:18.000Z","UC8SZ88GQa9XWwZxLNibO3ug","배승희 변호사","25","20.03.03","[none]","254032","30163","577","725","https://i.ytimg.com/vi/zIpIg0XoJLs/default.jpg","False","False",""
"cfrfLVBdPgs","여동생부터 전여친이 분석한 내가 여친이 없는 이유","2020-03-01T14:22:11.000Z","UC3W3kEmrLrRfec2qNrE6w4A","남순NS","22","20.03.03","아프리카|남순|afreecatv|afreeca|namsoon|bj|비제이|남캠|여캠|유튜버|요가|몸개그|engsub|english|koreanyoutuber|asianyoutuber","174115","2026","273","540","https://i.ytimg.com/vi/cfrfLVBdPgs/default.jpg","False","False","★유튜브 관련문의 ☞ sullena@naver.com쇼핑몰 엔에스샵👍🏻 www.nsshop.org아프리카 생방송👍🏻 afreecatv.com/wnnw인스타/페이스북👍🏻 남순(박현우)대표 메일 문의👍🏻 vm222@naver.com#서윤 #하율 #김하콩 #짜미 #은솔 #도나운서 #engsub #english"
"TCBiZrszJdM","여자친구가 이상합니다... l 상황극에 미친 여자친구 l 오킹TV","2020-03-02T09:00:08.000Z","UCom6YhUY62jM52nIMjf5_dw","오킹TV","24","20.03.03","오킹|우정잉|토크|썰|여자친구|상황극","236626","4499","77","672","https://i.ytimg.com/vi/TCBiZrszJdM/default.jpg","False","False","◆ 오킹 생방송! 트위치 채널 : http://bit.ly/okingtwitch◆ 오킹 팬카페! 네이버 카페 : http://bit.ly/okingfancafe◆ 오킹에게 후원하기            : http://bit.ly/okingdonate◆ 오킹의 생방송 다시보기   : http://bit.ly/okingyoutube2◆ 영상 업로드는 매일 18시! 많은 관심 부탁 드릴게요!◆ 구독과 좋아요 부탁드립니다.근거없는 낭설 / 악플, 싸움조장 댓글 삭제 합니다.BY. 진호-----------------------------------------------------------------------------------------------------------------------------------------------------------영상 및 광고 문의이메일 : oking1025@sandbox.co.kr이 노래를 무료로 모든 동영상에 사용할 수 있지만 동영상 설명에 다음을 포함해야 합니다.Kevin MacLeod의 Investigations은(는) Creative Commons Attribution 라이선스(https://creativecommons.org/licenses/by/4.0/)에 따라 라이선스가 부여됩니다.출처: http://incompetech.com/music/royalty-free/index.html?isrc=USUAN1100646아티스트: http://incompetech.com/"
"hpABzIA6o_w","긴급! 국회사무처 '문재인 탄핵' 청원 성립 선언! 2~3일 내 법사위 회부! (진성호의 직설)","2020-03-02T02:04:39.000Z","UC-ORGzN6c-OZyCw9YAYNjkA","진성호방송","22","20.03.03","진성호|진성호의 직설|진성호방송|진성호의 융단폭격|진성호TV","576610","34354","1130","3162","https://i.ytimg.com/vi/hpABzIA6o_w/default.jpg","False","False",""
"MTOPHg40LzY","생중계 | 이만희 신천지 총회장 기자회견","2020-03-02T09:27:21.000Z","UCfq4V1DAuaojnr2ryvWNysw","채널A 뉴스","25","20.03.03","[none]","193645","3727","388","267","https://i.ytimg.com/vi/MTOPHg40LzY/default.jpg","False","False","이만희 신천지 총회장 기자회견▷ 공식 홈페이지 http://www.ichannela.com▷ 공식 페이스북 https://www.facebook.com/channelanews▷ 공식 유튜브 https://www.youtube.com/tvchanews"
"YxdQGcbP1cU","자숙하고 돌아온형한테 자숙소감 물어보깈ㅋㅋㅋㅋㅋㅋ엌","2020-03-01T07:34:41.000Z","UC69uMhRJcUnvMnMxKT2SS0w","(MUTUBE)와꾸대장봉준","23","20.03.03","봉준|김봉준|와꾸대장봉준|무튜브|아프리카|mutube|Bongjun|봉준 케이|케이 유튜브|봉준 K3|케이|BJ케이|봉준 케이 킹기훈|봉준 킹기훈|케이 킹기훈|킹기훈|사나이킹기훈|김기훈|케이 사고|케이 사건|케이 사건사고|케이 자숙","439061","3618","1554","568","https://i.ytimg.com/vi/YxdQGcbP1cU/default.jpg","False","False","#봉준 #케이 #K3 ★구독+좋아요+알람 사랑합니다ㅇ0ㅇ★[클릭한번만..!  https://www.youtube.com/channel/UC69uMhRJcUnvMnMxKT2SS0w?sub_confirmation=1]"
"y7In_9QgePk","[핵사이다] “봤냐? 이게 바로 의사다” 한석규, ‘최강 빌런’ 최진호 퇴치 성공! ㅣ낭만닥터 김사부2(Dr. Romantic)ㅣSBS DRAMA","2020-02-25T16:24:27.000Z","UC6erIDuvbOaAO-OT5rB2Xew","SBS Drama","24","20.03.03","sbs|20200225|한석규|최진호|한석규사이다|한석규돌담병원|낭만닥터김사부2마지막회|낭만닥터김사부2최종회|낭만닥터김사부2다시보기|낭만닥터김사부투16회다시보기|낭만닥터김사부투16회","224505","2888","79","467","https://i.ytimg.com/vi/y7In_9QgePk/default.jpg","False","False","한석규(김사부)는 또다시 돌담병원을 위협하는 최진호(도윤완)에게 완벽한 복수로 마무리한다.▼낭만닥터 김사부2▼☞ 매주 월, 화 오후 9시 40분 본 방송#낭만닥터김사부2 #한석규 #최진호▶ Hompage : https://programs.sbs.co.kr/drama/drromantic2?div=dramasectionmain_program▶ Facebook :  https://www.facebook.com/sbsnow/▶ Instagram  :  https://www.instagram.com/sbsnow_insta/▶ Subscribe NOW! SBS NOW! https://bit.ly/2YRf9Kn"
"m7OxO_eu5A4","[사랑과 전쟁] 밤일 잘하는 남편이랑 사는 법","2020-03-02T02:00:05.000Z","UC0EpedkBG2k7kd8UGJuYShQ","Kemi TV","24","20.03.03","케미tv|케미티비|kemitv|막장드라마|사랑과전쟁|사랑과 전쟁|사랑전쟁|사랑과전쟁 시즌1|사랑과 전쟁 시즌1|시즌1|막장|kbs|복수|바람|커플|불륜|남친|여친|아내|남편|부부|부부클리닉|사랑|애증|유머|웃긴 싸움|시어머니|시집살이|시누이|미친|고부|친정|임신|이혼|사이다|고구마|빡침|정의구현|정의실현|정의|빡침주의|내로남불|현실|꿀잼|존잼|허니잼|대유잼|극대노|대노|사랑과전쟁레전드|kemitv사랑과전쟁|loveandwar|loveandwar2|본격실화|루씨|루시|제비|꽃뱀|전여친|구여친|전남친|구남친|고부갈등|고부관계|그대없인 못살아|밤일|잠자리","190366","2166","88","539","https://i.ytimg.com/vi/m7OxO_eu5A4/default.jpg","False","False","#현실 은드라마보다더해#막장 의원조#사랑과전쟁시즌1 400화 그대 없인 못 살아 편※ 과한 욕설이 포함된 댓글논란을 조장하는 글은 임의로 삭제될 수 있습니다※ ▶케미TV 구독하기 https://goo.gl/jbuLyt▶관련 재생목록 https://goo.gl/P8sK63◈케미TV 공식 사이트◈▶페이스북 https://www.facebook.com/kemitv/▶유튜브 https://goo.gl/rU7FXE"
"FpNVaI6dU5w","[특집] 신천지+이단 계보, 20분 총정리","2020-03-02T02:38:46.000Z","UC4Aa3OPkMenwTANpf0oWVRQ","CBS 김현정의 뉴스쇼","25","20.03.03","김현정|뉴스쇼|댓꿀쇼","88346","3321","107","143","https://i.ytimg.com/vi/FpNVaI6dU5w/default.jpg","False","False","[특집] 신천지+이단 계보, 20분 총정리변상욱 이택수 민경남PD | 댓꿀쇼 300회 3/2(월)뉴스쇼 별책부록, 댓꿀쇼 시즌3좋아요와 구독을 꼭.꼭. 눌러주세요!댓꿀쇼를 만들어가는 힘이 됩니다방송을 보고 느낀점과 의견도 댓글로 많이많이 달아주세요하나하나 소중하게 읽어보겠습니다:)▣ 라이브 방송 안내뉴스쇼 라이브 방송 | 매주 월~금 오전 7:30~9:00댓꿀쇼 라이브 방송 | 뉴스쇼 본방송 끝나자마자 이어서 오전 9:00▣ 댓꿀쇼 이메일newsshow.cbs@gmail.com▣ 김현정의 뉴스쇼 유튜브 구독하기https://goo.gl/ApKab6◇ 카카오TV: https://tv.kakao.com/channel/3238340◇ 트위터: https://twitter.com/cbsnewsshow◇ 페이스북: https://www.facebook.com/981news◇ 인스타그램: https://www.instagram.com/khj_newsshow.cbs#김현정의뉴스쇼 #댓꿀쇼"
"XoKlvxmN3ME","김어준의 다스뵈이다 101회 50억, 신천지 그리고 파괴적 비례정당","2020-02-28T13:00:11.000Z","UCxvU6bRtYhNLvZleAIGa-FQ","딴지방송국","25","20.03.03","[none]","1351394","110914","4313","7064","https://i.ytimg.com/vi/XoKlvxmN3ME/default.jpg","False","False","주기자 구독https://www.youtube.com/channel/UCkTQXaLdneerTgL8hVBp36A?sub_confirmation=1박시영의 눈https://www.youtube.com/watch?v=8JE8VCYlEBY&list=PLe85dIAhn3ajzHio1wbBxzU62x1zGq_L721대 국회 의석수 계산기 - 참여연대http://watch.peoplepower21.org/election/김남국TV 구독https://www.youtube.com/channel/UC5ylgZz6hi0eCIzAq7y5H9g?sub_confirmation=1호사카유지TV 구독https://www.youtube.com/channel/UCa6GZxWJenXYyqQXYQhh7jw?sub_confirmation=1장용진의 학익진https://www.youtube.com/watch?v=9K1dVscKlWU&list=PLe85dIAhn3agfBocRTZP3-MIDoOpsbi34이낙연TV 구독https://www.youtube.com/channel/UCpPZmot80YDHKd8zm2_evyg?sub_confirmation=1"
"KaFNTRU8-Vg","[풀영상] 신천지 이만희, 두번 큰절 진심 사죄…큰 재앙, 하늘이 돌봐줄 것 / 연합뉴스 (Yonhapnews)","2020-03-02T08:30:45.000Z","UCj3_t5p4L4aFsvdW3uHjnnw","연합뉴스 Yonhapnews","25","20.03.03","연합뉴스|yonhapnews|뉴스|영상|이슈|디지털|news|화제|Chinese|coronavirus|Wuhan|習近平|Xi Jinping|시진핑|중국|우한|세계보건기구|WHO|우한 폐렴|신종 코로나|후베이|武漢|湖北|질병관리본부|중앙방역대책본부|중앙재난안전대책본부|정은경|정세균|국무총리|김강립|무증상|문재인|대통령|문재인 대통령|문 대통령|COVID-19|백신|corona|virus|disease|코로나19|대구|경북|양성|31번 환자|이만희|신천지|팬더믹|이탈리아|한국|이란|마스크|박능후|보건복지부 장관|생활치료센터|홍남기|부총리|기획재정부 장관|국회|이낙연|대구1치료센터","134957","277","232","708","https://i.ytimg.com/vi/KaFNTRU8-Vg/default.jpg","False","False","#이만희 #신천지 #코로나19(서울=연합뉴스) 이만희(89) 신천지예수교 증거장막성전(신천지) 총회장이 2일 정말 죄송하다. 뭐라고 사죄 말씀드려야 할지 모르겠다고 말했다.이 총회장은 이날 오후 3시 15분께 신천지 연수원인 경기 가평군 '평화의 궁전' 앞에서 기자회견을 열고 이같이 밝혔다.그는 당국에서 최선의 노력을 했다면서 우리도 즉각적으로 협조하고 있으나 정말 면목 없다고 말하고 취재진 앞에서 큰절을 했다. 이어서 또 용서를 구하며 큰절을 한번 더 했다.이 총회장은 힘이 닿는 데까지 최선을 다해 정부에게 인적 물적 지원을 아끼지 않겠다면서 무서운 병이 왔는데 어느 부모가 그냥 보겠냐, 고치고자 하지 않겠냐고 덧붙였다.또 그는 (코로나19는) 우리 개인의 일이기 전에 크나큰 재앙이라며 누가 잘하고 잘못(하고) 따질 때가 아니고, 하늘도 돌봐줄 것이라고 말했다.(영상 : 연합뉴스TV)◆ 연합뉴스 유튜브  : https://www.youtube.com/yonhap◆ 연합뉴스 홈페이지→ http://www.yna.co.kr/◆ 연합뉴스 페이스북→ https://www.facebook.com/yonhap/◆ 연합뉴스 인스타 : https://goo.gl/UbqiQb◆ 연합뉴스 비디오메타 채널https://www.youtube.com/channel/UCTMCrbtHU0M0SR6TuBrL4Pw"
"fVRfsZ3guVw","애들이 나를 팔아서 모든 스트리머를 모으고 있다😨","2020-03-01T08:30:02.000Z","UCQJuZxeDv2P05YHcC-tIEVQ","악어 유튜브","20","20.03.03","악어|dkrdj|악어유튜브|악튜브|늪지대|마인크래프트|마크|Minecraft|노가리|컨텐츠","177728","4680","50","662","https://i.ytimg.com/vi/fVRfsZ3guVw/default.jpg","False","False","#악어를 #팔아서 #합방부끄러우니까 제발 그만...★ 생방송 보는곳 https://www.twitch.tv/jdm2088 팔로우♥한번씩!▶ 악어유튜브 구독하기 클릭!! https://goo.gl/7gOchz▶ 늪지대유튜브 구독하기 클릭!! https://goo.gl/AJP2yx------------------------▶ 악어트위치 팔로우!!  https://www.twitch.tv/jdm2088▶ 악어사생활 구독하기 클릭!! https://goo.gl/4Kq7dh▶ 악어팬카페!! http://cafe.naver.com/bjcrocodile▶ 악어인스타 팔로우!! https://goo.gl/K9ggQa[악어유튜브에는 매일 오후 5시, 마인크래프트와 각종 게임 영상이 업로드됩니다!]* 늪지대 채널에도 놀러 오세요!▶ 핑맨 유튜브 구독 클릭!! https://goo.gl/Vmjq4J▶ 멋사 유튜브 구독 클릭!! https://goo.gl/dNc6wa▶ 중력 유튜브 구독 클릭!! https://goo.gl/LwJhsh▶ 너불 유튜브 구독 클릭!! https://goo.gl/od1krh▶ 만득 유튜브 구독 클릭!! https://goo.gl/AeUe9o▶ 수닝 유튜브 구독 클릭!! https://goo.gl/ZtZx6q▶ 리타 유튜브 구독 클릭!! https://goo.gl/nMGjqr------------------------▶ 핑맨 트위치 https://www.twitch.tv/95pingman▶ 멋사 트위치 https://www.twitch.tv/msmsms213▶ 중력 트위치 https://www.twitch.tv/jungryeok▶ 너불 트위치 https://www.twitch.tv/nubulswamp▶ 만득 트위치 https://www.twitch.tv/esstree▶ 수닝 트위치 https://www.twitch.tv/su_ning▶ 남봉 트위치 https://www.twitch.tv/kimnamsoon▶ 리타 트위치 https://www.twitch.tv/lita282[2020.02.09]"
"2NTpd3LjsZA","[다시보기]이단 신천지 교주 이만희 코로나19 관련 기자회견","2020-03-02T09:19:27.000Z","UCa97kDUvLn9OSn9xTX0uM_g","노컷브이","25","20.03.03","노컷브이|노컷뉴스|생중계|라이브|이만희|코로나19|코로나|신천지|기자회견","64447","1076","155","322","https://i.ytimg.com/vi/2NTpd3LjsZA/default.jpg","False","False","#신천지 #이만희 #기자회견 #이단 #교주2일 경기도 가평군 신천지 평화연수원이단 신천지 교주 이만희, 코로나19 관련 기자회견"
"3B6zG1zAhRs","630뉴스 3월2일 문재인 탄핵 국회 상임위원회 안건심사 가시화 / 강경화의 전화 한통이 베트남 자극했나? / “중국, 조선족이 한국 여론 조작”…차이나 게이트 논란 확산","2020-03-01T23:00:11.000Z","UC8p2BFLsMGSfBdpwNs4Zq1A","뉴스데일리베스트","25","20.03.03","차이나게이트|나는개인이오|베트남입국금지|강경화외교장관|문재인삼일절기념사|우리공화당적십자성금|비례정당|심상정|배현진송파을|배우안정훈","104489","16818","566","925","https://i.ytimg.com/vi/3B6zG1zAhRs/default.jpg","False","False","데일리베스트는 여러분의 소중한 자발적 구독료 후원으로 운영됩니다. 월 만원 자발적 구독료 후원(국내) 신한은행 110-479-077775     민들레(페이팔후원) http://www.paypal.me/dailybest페이팔 아이디 : 2017dailybest@naver.com여러분들의 제보를 기다립니다. 제보 이메일 2017dailybest@naver.com Audionautix의 News Theme 1은(는) Creative Commons Attribution 라이선스(https://creativecommons.org/licenses/by/4.0/)에 따라 라이선스가 부여됩니다.아티스트: http://audionautix.com/"
"ZuqmLftrE0E","'증명사진'미니페이스온, '상반신 미페'로 바꾸는 가장 쉬운방법! 꿀팁 공개합니다. 피파4","2020-03-02T04:00:03.000Z","UCbt557PsOnMaspiSUjuSVVw","빅윈TV","20","20.03.03","빅윈|빅원|피파4|피파온라인4|스쿼드|패키지|강화|김대승|축구|fifa4|game|피파3|피파4선수추천|선수추천|선수리뷰|빅닥터|박원|넥슨|흙윈|흑윈|현질|이적시장|빅뉴스|구단가치|금카|은카|올은카|신규시즌|TOTY|TOTM|월드레전드|월클|출정식|가성비|컨셉스쿼드|KFA|fo4|19tots|19토츠|bigwin|bigwinTV|fifaonline4|팀컬러|업데이트|팀케미|이강인|스쿼드배틀|모바일감독모드|20toty|20토티|노미네이트|노미니|피파4노미네이트|미페 바꾸는법|미니페이스온|미페|미니 페이스온 바꾸는법|빅윈 미페|BSG|빅윈 비페 바꾸는법|피파4 미페|피온4 미페|미페 교체|미니페이스온 교체","158285","2958","44","921","https://i.ytimg.com/vi/ZuqmLftrE0E/default.jpg","False","False","피파 온라인4 클럽팀, 국대팀 유저들은 필수! 증명사진 대두 미니페이스온을 상반신 미페로 멋있게 바꾸는 방법입니다. 꿀팁까지 알려드리겠습니다.안녕하세요. 피파온라인4 피파4 5년차 BJ빅윈 영상 입니다.재밌게 시청해주시고 구독과 좋아요 부탁드립니다 :)방송국: http://afreecatv.com/dstv인스타: https://www.instagram.com/kimbigwin페이스북: http://www.facebook.com/profile.php?id=100008081326006광고문의: mistervic@naver.com#미페바꾸는법 #미니페이스온 #미페 #빅윈 #피파4 #피파온라인4 #fifaonline4 #fifa4 #fifa3 #fifaonline3 #fifa #피파3 #빅원"
"ksQEB4sf8CU","(긴급) 탄핵 청원 효력 인정!!! 3일 내 법사위각!!!! [라이브 EP45]","2020-03-02T03:30:44.000Z","UCXsbYbgwmk_zbTTdwCn_1Ig","엄튜브 /EOMTUBE","22","20.03.03","[none]","108198","16617","745","707","https://i.ytimg.com/vi/ksQEB4sf8CU/default.jpg","False","False",""
"lTkgNyEkVLk","취중 진실게임 중 하면 안 되는 말을 했다 [또한번 엔딩] - EP.08","2020-03-01T09:59:42.000Z","UCid83oPnsL-4ZEo8CyQr6Rg","플레이리스트","24","20.03.03","연플리|연애|드라마|웹드라마|연애플레이리스트|플레이리스트|플레이리스트스튜디오|또한번엔딩|또엔딩|또한번엔딩 8화|전남친 현남편|남편 바람|취중젠담|취중 진실게임|조수민|김건원|강희|유재필|김민아|고소혜|차인영|유찬희|도윤수|엔딩시리즈|최고의엔딩|꽃같은엔딩|썸남|썸녀","554824","12908","127","1788","https://i.ytimg.com/vi/lTkgNyEkVLk/default.jpg","False","False","[또한번 엔딩] 9화 바로 보러가기▼ (네이버 시리즈온앱에서 선공개 中)https://n8xq.app.link/5qkbQpuUG3?%243p=a_custom_751689084661459296결국 전남친을 집들이에 초대했다;;04:47 둘이 뭐야?;; 진짜 너무 달달해서 짜면 꿀 나올듯;;;08:58 전남친 + 현남편 + 직장동료 + 쩔친 조합의           이상한 취중진실게임ㄷㄷㄷㄷ13:02 찬희 눈빛...🙊🙊[또한번 엔딩]을 웹툰으로도 만나보세요! ▶https://comic.naver.com/webtoon/detail.nhn?titleId=739166&no=1취중 진실게임 중 하면 안되는 말을 했다 [또한번 엔딩] - EP.08네이버 시리즈on 선공개 토,일 저녁 7시YouTube & Facebook 토,일 저녁 7시네이버웹툰 [또한번 엔딩] 매주 일요일 연재❤️플레이리스트 채널을 구독해주세요! 👉 https://goo.gl/df5FYf매주 수, 목 / 토, 일 저녁 7시에 업로드됩니다!구독, 댓글, 좋아요 잊지 말기👼❤️Instagram: https://www.instagram.com/playlist_studio❤️Facebook: http://www.facebook.com/PlayListKR❤️V Live : http://channels.vlive.tv/DEF407/video❤️Naver TV: http://tv.naver.com/playlist❤️Store: https://playliststore.com#또한번엔딩 #진실게임 #전남친과현남편"
"n9JP2cK4jpE","3월 2일 10시 정규재의 텐텐뉴스","2020-03-02T02:10:50.000Z","UCOqCunaF9qVN8bXwsK0HT3g","펜앤드마이크TV","25","20.03.03","정규재|펜앤마이크|정규재tv|정규재방송|펜앤드마이크|뉴스|오전뉴스|조간|10시|문재인|국정운영|공지영|경제|일본|차이나 게이트|김정숙|강경화|신천지|폼페이오|3.1절|부산 해운대|삼성|구글|아마존|우버|수출|대한민국 여권|김정은|패스트트랙|오신환|사보임|임재훈|이찬열","142347","15846","646","604","https://i.ytimg.com/vi/n9JP2cK4jpE/default.jpg","False","False","* 월 1만원 정기구독이면 나라를 지킵니다! *1) 펜앤마이크 정기구독(해피나눔) 바로가기: https://www.ihappynanum.com/Nanum/complex/0BT4KW55HB2) 일시구독 계좌: 기업은행 024-088734-01-018 (주식회사 펜앤드마이크)     정기구독 계좌: 기업은행 024-088734-04-046 (주식회사 펜앤드마이크)각종 후원방법 안내: http://www.pennmike.com/com/spon.html"
"A5b-6TFip6k","미스터트롯 임영웅 보라빛엽서","2020-02-27T16:26:58.000Z","UC3WZlO2Zl8NE1yIUgtwUtQw","임영웅","10","20.03.03","미스터트롯|트로트|임영웅|트로트영웅|포천의아들|아침마당|판듀|전국노래자랑|영웅|홍대트로트|뭣이중헌디|계단말고 엘리베이터|kbs|가요무대|도전꿈의무대|박서진|진달래|천재원|명지|성국|미스트롯|장윤정|박현빈|박상철|박구윤|현장스케치|예능|트롯|보라빛엽서","2103361","38530","1430","4939","https://i.ytimg.com/vi/A5b-6TFip6k/default.jpg","False","False","#미스터트롯 #임영웅 #보라빛엽서구독,좋아요 눌러주시고 많은 공유 및 응원 부탁드립니다다음 공식 팬카페 [ 영웅시대 ]http://cafe.daum.net/hero0616"
"KVQmSVoJCYQ","[황태순-TV] 심상정의 '탄핵 협박'에 민주당은 '냉소'","2020-03-01T09:40:41.000Z","UCZXdbOCTEzMDn0bJdpcgKtA","황태순TV","25","20.03.03","[none]","187534","16400","512","752","https://i.ytimg.com/vi/KVQmSVoJCYQ/default.jpg","False","False","황태순과 김연광이 함께 풀어보는 유쾌하고 상쾌하고 통쾌한 현실진단. 30년 정치현장 참여경험과 취재경험이 함께 어우러진 생생한 토크. [황태순TV]는 진실과 팩트에 근거하여 사회현상을 직시할 수 있는 이정표입니다."
"6qvYwY1n6Q4","이과 1등 타임머신을 개발하다~?!","2020-03-02T03:00:00.000Z","UCkG-Bpd44jV22xkAhzo0n9g","1등 미디어","20","20.03.03","웃찾사|문과1등|이과1등|이그젝틀리|이과젝틀리|김성기|신흥재|코미디|문과이과","50924","1225","57","456","https://i.ytimg.com/vi/6qvYwY1n6Q4/default.jpg","False","False","이과 1등이 타임머신을 만들었다고?!진짜야?!그리고 오랜만에 뒤에서 1등 등장~!!!"
"pO89ubSc5w8","北도 심각…文 “보건 협력”","2020-03-01T11:39:50.000Z","UCIIpmDPVk7nzNHEUSHmvkUg","채널A 뉴스TOP10","25","20.03.03","보건협력|북한|심각","144110","3858","631","3795","https://i.ytimg.com/vi/pO89ubSc5w8/default.jpg","False","False","문 대통령 제101주년 3·1절 기념사문 대통령 코로나19, 단합과 희망 꺾을 수 없다문 대통령 독립운동 정신·국난극복 저력※자세한 내용은 뉴스TOP10에서 확인하실 수 있습니다."
"q5jvvzZL77I","[11회 예고] 사장님, 사랑해요… 사랑한다고 〈이태원 클라쓰(Itaewon class) 〉","2020-02-29T15:29:03.000Z","UCkbJc8jMcTXwhtmN5VMwfXg","JTBC Drama","24","20.03.03","이태원클라쓰|이태원|이태원 클라쓰|박서준|김다미|유재명|권나라|금토드라마|박새로이|창업신화|청춘|12회예고|사랑|고백|여자|사랑해","518292","6214","71","1173","https://i.ytimg.com/vi/q5jvvzZL77I/default.jpg","False","False","단밤을 퇴사하겠다고 선언한 근수(김동희)! 장대희(유재명)를 연상케 하는 냉정함으로 단박에 두각을 드러낸 근수의 칼날은 단밤을 향하기 시작한다. 한편, 새로이(박서준)는 단밤 포차 투자를 제안 받고 고민에 빠진다. 하지만 이서(김다미)는 괴롭기만 하다. 제 마음을 몰라주는 바보 같은 사장님 박새로이 때문에… “사랑해요, 사장님!＂"
"WCh1dGFGBJI","[文탄핵 방송] 경축!!! 국회 文탄핵 청원, 10만 돌파-국회 상임위 회부.. 하면 됩니다. 진심으로 축하드립니다. [RNB, 레지스탕스TV, 정광용TV]","2020-03-02T06:39:01.000Z","UCR3zvEwGCwy22mEgbe-7HIw","[정광용 TV]레지스탕스TV","25","20.03.03","[none]","68165","8128","377","247","https://i.ytimg.com/vi/WCh1dGFGBJI/default.jpg","False","False","★자율구독료(후원): 하나은행 224-910502-42407 (예금주:정광용) ★멤버십 가입: https://www.youtube.com/channel/UCR3zvEwGCwy22mEgbe-7HIw/join★페이팔(Paypal): RNB, 2020kiscom@naver.com ★메일 주소 : 2020kiscom@naver.com ★좋아요 ★구독하기 ★공유하기는 저에게 큰 힘이 됩니다.★특히 공유하기는 아주 중요합니다.★ 구독하기 후, 반드시 ★ [알람] 설정 잊지 마시구요. ★구독에 진심으로 감사드립니다. ★ 고맙습니다."
"W7zINNUI008","【풀버전】 임영웅 - 보랏빛 엽서 🔥미스터트롯 준결승 레전드미션🔥","2020-02-27T15:56:58.000Z","UCskIKQGpjI5sG2ZLtWLYSmw","미스터트롯 공식계정","22","20.03.03","[none]","1991528","34710","2441","5444","https://i.ytimg.com/vi/W7zINNUI008/default.jpg","False","False",""
"zS7XGbbXXAU","[234회][슈퍼전파 신천지 추적!]#1","2020-02-28T13:09:47.000Z","UCIzvj4dqZSph0ZPs4nwFv-g","JTBC 이규연의 스포트라이트 TV","25","20.03.03","[none]","410071","6375","538","1596","https://i.ytimg.com/vi/zS7XGbbXXAU/default.jpg","False","False","'슈퍼전파' 신천지 추적!추적, 슈퍼 감염지 신천지!? 급변한 신종 코로나바이러스 감염증(코로나-19) 사태! 국내 확진자는 총 1천 명을 넘었다. 첫 확진자 발생 후 37일 만이다. 신천지 교회 신도인 31번 확진자 발생 후, 무서운 속도로 확산 중인 코로나 19! 31번 확진자는 대구 신천지 교회 신도로, 전체 확진자의 약 50%는 대구 신천지 교인들로 밝혀졌다."
"nawYC4hVa64","[풀영상] 지식다방 ep.4 : 국회의원, 누구를 뽑아야 하나? | 정치합시다","2020-03-01T11:03:42.000Z","UCQGJRTA3kxbII8dpJFlA_eg","정치합시다","25","20.03.03","정치합시다|유시민|박형준|정치합시다 유시민|뉴스공장|김어준의뉴스공장|김어준|유시민의알릴레오|알릴레오|최욱|더라이브|총선","138929","5553","121","818","https://i.ytimg.com/vi/nawYC4hVa64/default.jpg","False","False","#유시민#박형준#최욱#허진모 ---------------------------------------------------------------※정치합시다 팟빵 https://bit.ly/2SAisRe※정치합시다 페이스북 https://www.facebook.com/letsjeongchi/※정치합시다 홈페이지 https://bit.ly/2SinV01"
"PwuzGFb7Xsg","3000만원 게임을 한다고?!!??모든걸 건다!!!한번해보자!!!!!자낳괴 등장!!!! ㅋㅋㅋㅋㅋㅋㅋㅋㅋㅋㅋ","2020-03-01T06:30:10.000Z","UCfTJQQjCFU7GU0ll8TJ50tg","삼프로","23","20.03.03","#보물섬|#더블비|#돌잼|#보따|#삼프로|#몰카|#몰래카메라|#영상|#유튜브|#페이스북|#재밌는영상|#웃긴영상","79852","1265","155","208","https://i.ytimg.com/vi/PwuzGFb7Xsg/default.jpg","False","False","★Instagram★황현홍https://instagram.com/hyeo_nong?igshi...신승호https://instagram.com/3p.r.o?igshid=n...김은수https://www.instagram.com/kes_1245/?h...★광고&협업 문의★tkavmfh12@daum.net노래 출처📢BGM✔Track - TONG APOLLO - Lift Off✔Soundcloud - https://soundcloud.com/tong-apollo✔나눔뮤직 - https://tv.naver.com/v/10038992#youtube #facebook #English"
"mNDqcQTCFx0","ENG] 공 없이 배트민턴 치기ㅋㅋㅋㅋㅋㅋ - [동네놈들]","2020-03-01T10:30:02.000Z","UCIuFnJrRwHEUcIVtozJnUGA","동네놈들","23","20.03.03","관찰|관찰카메라|실험|실험카메라|prank|prankcam|prankcamera|prankgag|prankgags|gag|gags|fun|funny|장난|동네놈들|hoodboyz|코미디|comedy|코믹|역대급|리액션|배드민턴|테니스|스포츠|sport|tennis|badminton|인기동영상|인기급상승동영상|웃긴영상|웃긴유튜버|재밌는영상|재밌는유튜버|스매쉬|셔틀콕|배드민턴자세|배드민턴장|올림픽공원|레트로","329056","6468","281","688","https://i.ytimg.com/vi/mNDqcQTCFx0/default.jpg","False","False","🔥 구독 & 좋아요 & 알림설정 Click?!?! oh yeah!!!! 🔥💥동네놈들 페이스북💥 https://www.facebook.com/videodnnd🤡 개그맨 안진호 🤡 https://www.instagram.com/_zin_ho_🤡 개그맨 최부기🤡 https://www.instagram.com/choi_boogie🤡 개그맨 정재형 🤡https://www.instagram.com/star.jjj#몰카 #몰래카메라 #동네놈들 #小区小家伙 #prank #prankcam #배드민턴 #badminton #테니스 #tennis #sport #스포츠"
"rlF_cWVyKwM","2부 20.03.02 굿모닝뉴핑 생방(2) 우한폐렴 피하려다 경제붕괴로 중산층 서민 굶어죽게 생겼다!","2020-03-02T04:23:28.000Z","UCR0VAgd0w8QI7WWQ0E8Srdw","황장수의 뉴스브리핑o","25","20.03.03","황장수|뉴스브리핑|우한|우한 폐렴|중국|경제붕괴|중산층|서민","38451","5629","84","165","https://i.ytimg.com/vi/rlF_cWVyKwM/default.jpg","False","False","미래경영연구소 회원모집1.홈페이지 www.newsbriefing.co.kr 에서 직접 가입 2.성함,휴대폰번호,주소를 문자로 발송: 010-5028-82533.해외 교포 : PayPal 계좌 pjbjp24@naver.com"
"Eq3y2BilqLg","[대구MBC뉴스] 감추고, 거짓말로 일관..신천지 공분 일어","2020-02-29T12:07:41.000Z","UCNbYt65wiTchnxD-KNwXsAA","대구MBC뉴스","25","20.03.03","대구문화방송|daegu mbc|대구엠비씨|daegu mbc news|대구mbc|문화방송 뉴스|[대구MBC뉴스]|감추고|거짓말로 일관..신천지 공분 일어|신천지|권영진|신천지불신|신천지속임수|명단속인신천지|시설수속인신천지|신천지대구교회|권영진대구시장|신천지미온적대처","911058","21820","788","7739","https://i.ytimg.com/vi/Eq3y2BilqLg/default.jpg","False","False","방송: 2020-02-27 (목) 대구 MBC 뉴스데스크내용: 감추고, 거짓말로 일관..신천지 공분 일어 - 윤태호 기자대구의 코로나19 확진자가 2천 명을 넘은 배경에는 신천지 대구교회와 교인의 행태가 자리잡고 있다는 비판이 쏟아지고 있습니다.감추고, 숨기고, 거짓말 하고..신천지 대구교회는 대구시에 신도 수는 물론 시설수까지 모두 속인 것으로 드러났습니다.공무원 교인들의 태도는 심각합니다.하지만 권영진 대구시장이 신천지에 미온적 태도를 보여골든타임을 놓친 것 아니냐는 비판이 이어지고 있습니다.#못믿을신천지 #미온적대구시장 #코로나19_대구MBC진실을 향해 깊이있게 접근하는 대구MBC NEWS 공식 유튜브 채널입니다.▼대구MBC 계정 메시지나 댓글을 통해 제보 주세요~- 대구MBC 웹사이트 : https://dgmbc.com/news- 페이스북 : https://www.facebook.com/dgmbcnews - 네이버 블로그 : https://blog.naver.com/dgmbcdigital- 제보전화 : 053.740.9900- 카카오톡제보 : 010.4088.1577  (친구찾기 ID검색 dgmbcnews)"
"mPVDGOVjRQ0","BTS (방탄소년단) 'ON' Official MV","2020-02-27T14:58:12.000Z","UC3IZKseVpdzPSBaWxBxundA","Big Hit Labels","10","20.03.03","BIGHIT|빅히트|방탄소년단|BTS|BANGTAN|방탄","66589694","6633832","136316","1307681","https://i.ytimg.com/vi/mPVDGOVjRQ0/default.jpg","False","False","BTS (방탄소년단) 'ON' Official MV    Credits :Director : YongSeok Choi (Lumpens)Assistant Director : Guzza, Jihye Yoon (Lumpens)Executive Producer / Producer: Tiffany SuhDirector of Photography : Hyunwoo Nam (GDW)Focus Puller : Sangwoo YoonB Cam Operator : EumkoB Cam Focus Puller : Deokjung Kim2nd AC : Eunki KimCamera Crew : Robin Kim, Victor Chon, Ivan Acero, Marco Escobedo, Isue shinCo-production company : FREENJOYExecutive Producer : Nathan ScherrerProduction Supervisor : Kristen LoftinProduction Coordinator : Dan EngwallProduction Designer : Emma FairleyArt Director : Christian ZollenkpofSet Decorator : Cameo Litz1st AD : Joe Suarez2nd AD Liaison : Joseph KimLocation Manager : Laura DominguezGaffer : Kyle BrysonKey Grip : Wadsworth PetersDrone : DroneGear ProductionsClient Liaison : Ran RoCasting Director : Copelan CashDancers : THE LABKey Stylist : Ann-Marie HoangKey Hair : Marina MigliaccioKey Makeup : Noel NicholsVisual effects : Ingenuity StudiosColor : Company 3Colorist : Charles BunnagSenior Producer : Gabriel WakemanAssociate Producer : Bianca Yi Visual Creative : Nu Kim, Sabinne Cheon, Lee Sun Kyoung, Kim Ga EunPerformance Directing  : Son Sung Deuk, Lee Ga Hun, Lee Byung EunArtist Management : Kim Shin Gyu, Kim Su Bin, Park Jun Tae, An Da Sol, Ahn Jong Hun, Lee Jung MinNo Animals Were Harmed in the Making of This Film.Big Hit Entertainment. Rights are reserved selectively in the video. Unauthorized reproduction is a violation of applicable laws. Manufactured by Big Hit Entertainment, Seoul, Korea.Connect with BTS: https://ibighit.com/bts http://twitter.com/BTS_bighithttp://twitter.com/BTS_twt http://www.facebook.com/bangtan.official https://www.youtube.com/user/BANGTANTV http://instagram.com/BTS.bighitofficial https://channels.vlive.tv/FE619 https://www.tiktok.com/@bts_official_bighithttps://app.weverse.io/gpt4o https://www.weibo.com/BTSbighit https://www.weibo.com/BTSmembers http://i.youku.com/btsofficial http://btsblog.ibighit.com   #BTS #방탄소년단 #ON #MAP_OF_THE_SOUL_7 #MV"
"uVbTXFlUbso","김어준의 뉴스공장 2020년 03월 02일 방송 1부,2부","2020-03-02T00:05:23.000Z","UC0sfSZeoSUeWxys7OKkTelQ","미디어재단 TBS FM 95.1 MHz","25","20.03.03","김어준|뉴스공장|TBS","39093","2092","70","91","https://i.ytimg.com/vi/uVbTXFlUbso/default.jpg","False","False","◎ 1부[ 이 정도는 알아야 할 아침 뉴스 ]- 류밀희 기자 (TBS) [ 잠깐만 인터뷰 ] -전화연결한국인 차별하는 중국 공안? 엉터리 보도...격리 중 혐한, 차별 전혀 없어- 익명 (중국 자가격리자) ◎ 2부[ 인터뷰 제1공장 ] -전화연결신천지 교인 전수조사 무증상자도 검사 중, 확진자 더 급증할 것- 이상호 부본부장 (대구시의사회 코로나19 대책본부) [ 지자체장 릴레이 1 - 코로나 19] -전화연결코로나19 대구 확진자에 병상 제공 우리의 형제도시 대구 지킬 것- 박향 자치행정국장 (광주광역시청) [ 지자체장 릴레이 2 - 코로나 19] -전화연결“신천지 진술과 실제 동선 불일치, 후속 조치 필요...사법당국 개입해야 ”– 최문순 지사 (강원도) [ 지자체장 릴레이 3 - 코로나 19] -전화연결청정지역에도 파고든 코로나 19 “지자체간 신천지 정보 공유가 중요해”– 김영록 지사 (전라남도)"
"6Pwy0s16dpc","폐가에서 유이에게 공포게임을 강제로 시켜보았다 '남매세끼 2화'","2020-02-29T06:15:01.000Z","UC2o_y872S6YvaO1K8EYnoxg","조재원","23","20.03.03","[none]","446982","9635","125","1059","https://i.ytimg.com/vi/6Pwy0s16dpc/default.jpg","False","False","조재원&꽃보다유이 유튜브 구독!BGM 정보 [BGM Factory]https://bgmfactory.com"
"c0wORCGNpBU","해외문화에 중독된 여사친 참교육 ㅋㅋㅋㅋㅋㅋㅋ","2020-03-01T07:02:31.000Z","UCgm633UDZayRRxv4U5Y1DXA","불협화음","23","20.03.03","[none]","152050","2722","287","1006","https://i.ytimg.com/vi/c0wORCGNpBU/default.jpg","False","False","되도않는 해외드립치지말고 정신차리자 ^^#여사친 #참교육 #해외불협화음 공식 페이스북: https://bit.ly/2JDd6CO불협화음 자율 구독료:www.불협화음.com불협화음 섭외&광고문의 : kjk930909@gmail.com"
"Kllot2RtrLo","나는 개인이오 차이나게이트 총정리","2020-03-01T07:13:07.000Z","UCotOYDiVMLJfT4pNDrVrdOg","이슈님","22","20.03.03","[none]","55739","2758","488","552","https://i.ytimg.com/vi/Kllot2RtrLo/default.jpg","False","False","#차이나게이트감사합니다."
"u_Q8UzIFd1o","방종이 된줄알고 김재원이 한 행동 부끄럽네요....","2020-02-29T07:00:04.000Z","UCta_NRwnsUaew0t3VNxBNyg","김재원의 즐거운게임 세상","20","20.03.03","김재원|김재원 방종|김재원 트위치|트위치 버그|김재원 방송종료|김재원 방종된줄 알고|김재원 방송 버그|김재원 종료","1009026","20800","555","4977","https://i.ytimg.com/vi/u_Q8UzIFd1o/default.jpg","False","False","재미있게 보셧나용김재원 방송 https://www.twitch.tv/jaewon4915김재원 메일 wodnjs2601@naver.com구독 눌러주시고 알람해주시면더 빠르게 제영상을 보실수있당가요"
"TJRrnwzeroY","현재 일본국민들 사이에서 급속도로 퍼지고 있는 충격적인 한마디, 훗카이도 지사, 결국 아베 신뢰어렵다며 특단의 대책 발표","2020-03-01T10:48:45.000Z","UCVObSp4MlJwCsh6vtKz4PHQ","쓸모왕","25","20.03.03","일본|아베|훗카이도|한국|일본반응|일본국민|일본인","426227","11116","295","1500","https://i.ytimg.com/vi/TJRrnwzeroY/default.jpg","False","False","최근 일본정부와 일본국민들의 움직임이 심상치 않습니다.세상의 쓸모있는 지식을 전달해드리는 '쓸모왕'입니다.  영상이 도움이 되셨다면, '좋아요'와 '구독'을 부탁드립니다.  '알람'설정도 해놓으시면 제일빨리 쓸모왕 지식을 받아보실수 있습니다^^*연합뉴스 컨텐츠 관련 부분인용 및 전체인용에 대한 허가를 받았습니다.저작권자(C)연합뉴스, 쓸모왕#일본 #아베 #훗카이도"
"1jh4h0T1Sp8","[이춘근의 국제정치 132회]② 역병이 초래할지도 모를 🇨🇳경제난","2020-03-01T01:00:21.000Z","UCbCjcJ2G5zqZ5TBeN6DriPQ","이춘근TV","25","20.03.03","이춘근TV|이춘근|이춘근의국제정치|국제정치|한반도문제|국제문제|국가안보|북핵문제|북핵위협|북미관계|한미동맹|한미관계|International|Politics|패권경쟁|패권전쟁|중국 경제|중국 금융 아마겟돈|경제 아마겟돈|SOE|국영기업|춘절|Tyler Durden|중국중소기업|중국경제붕괴|경제난","144995","12194","409","371","https://i.ytimg.com/vi/1jh4h0T1Sp8/default.jpg","False","False","※ 2020.02.26 촬영하였습니다 ※♥ 후원안내 ♥ ※국내 후원 예금주: 이춘근 국제정치 아카데미　　　  　　100-033-303453 신한 ※해외 후원 PayPal 계정　　　　　https://www.paypal.me/lcktv※ 페이스북 : www.facebook.com/LCKTV※ 채널안내 : youtube.com/c/이춘근TV※ '구독'과 '알림'을 통해 많은 관심 부탁드려요!　 자주 업로드 될 수 있도록 노력하겠습니다　※ 관련없는 언쟁, 인신공격, 비속어, 　 링크 댓글, 도배성 글은 　 예고없이 삭제 또는 댓글차단합니다　※ 본 영상의 모든 저작권은 ‘이춘근TV’에 있습니다.　 무단으로 수정, 게시, 불펌을 금합니다.　 위반시 경고없이 신고삭제조치합니다."
"oXsFzNIlOTE","Adele - Rolling in the Deep 마인크래프트 뮤비 커버송 by 잠뜰","2020-02-28T08:37:04.000Z","UCg7rkxrTnIhiHEpXY1ec9NA","잠뜰 TV","20","20.03.03","마인크래프트|Minecraft|잠뜰|Sleepground|수현|칠각별|각별|라더|공룡|잠뜰 공룡|잠뜰 노래|잠뜰 커버송|잠뜰 뮤비|Rolling in the deep cover|롤링인더딥 커버|마인크래프트 뮤직비디오|minecraft animation","551551","24791","337","8793","https://i.ytimg.com/vi/oXsFzNIlOTE/default.jpg","False","False","오늘 커버송이 올라올 줄 그 누구도 몰랐겠지? 아델의 롤링인더 딥 커버송 입니다! 다른 분들과의 비교 말고 노래만 즐겁게 들어주세요!----------------------------------------­----------▷일러스트: 육식토끼 / 애니메이터: 코빵▷잠뜰 TV 구독하기 ! : http://goo.gl/FnZZQO▷잠뜰TV 커뮤니티 바로가기 !! : https://goo.gl/72qMP4▷잠뜰 인스타그램 소식보기 !! : https://goo.gl/cMDSJ7----------------------------------------­----------▶이 노래는 아델의 오리지널 곡으로 제 노래가 아닙니다! 다른 분들과 비교하거나 잘못된 정보 전달은 꼭 삼가주실 것을 당부드릴게요!▶구독하기❤& 좋아요👍버튼은 잠뜰이에게 큰 힘이 됩니다 :D"
"5JqqsDqKafA","[충격]창신메모리 D램 실제양산, 판매 시작되었다!","2020-03-01T12:15:00.000Z","UCDMIgVmN_nXva6q1FcXu1wg","돈되는라디오","25","20.03.03","SK하이닉스|삼성전자|화웨이|폴더블폰|폴더블|삼성폴더블폰|삼성전자폴더블폰|겔럭시S10|겔럭시F|샤오미|레노버|LG폴더블폰|삼성폴더블|삼성전자폴더블|Foldable|ASML|폴더블테블릿|삼화콘덴서|MLCC|삼성전기|삼성SDI|LG화학|OCA|EUV|노광|7대공정|TSMC|SMIC|칭화유니|푸젠진화|Hynix|Samsung|7나노|5나노|3나노|반도체업황|삼성전자반도체|삼성반도체|비메모리반도체|메모리반도체|반도체기술|반도체|Semicondoctor|intel|인텔|인텔반도체|인텔비메모리|반도체장비회사|반도체위탁생산|Foundry|파운드리|글로벌파운드리|UMC|대만반도체|대만반도체회사|삼성전자 EUV|삼성전자 plp|AMD|퀄컴","62032","3368","126","98","https://i.ytimg.com/vi/5JqqsDqKafA/default.jpg","False","False","[충격]창신메모리 D램 실제양산, 판매 시작되었다!"
"cf8q6wffxy0","[Official MV] MC주지(이수근) - 스웩님(feat.오담률, 지젤) | 플레이어2 player2 EP.5","2020-02-29T12:31:37.000Z","UCiRtotv7cVOYWF2_WIrJvPw","XtvN","24","20.03.03","플레이어|플레이어2|이수근|김동현|황제성|이용진|이진호|이이경|정혁|황치열","978027","16304","388","3016","https://i.ytimg.com/vi/cf8q6wffxy0/default.jpg","False","False","진화된 롤플레잉 맛집 #플레이어2 매주 (토) 오후 6시 10분 XtvN / tvN 동시 방송 #플레이어2 #롤플레잉맛집 #토요예능------------------------------------------------------------------ ▶[XtvN] 구독 http://www.youtube.com/channel/UCiRtotv7cVOYWF2_WIrJvPw?sub_confirmation=1 ▶[플레이어2] 지금 뜨는 동영상 : http://www.tving.com/smr/vod/player/P/C01_B120206414?from=youtube ▶[XtvN] 라이브 : http://www.tving.com/live/player/C01141------------------------------------------------------------------ #플레이어#플레이어2#이수근#김동현#황제성#이용진#이진호#이이경#정혁#황치열"
"S_tyNjqA700","[쿠퍼네 가족] 성교육은 나빠!","2020-02-28T05:56:34.000Z","UChbE5OZQ6dRHECsX0tEPEZQ","장삐쭈","23","20.03.03","장삐쭈|삐쭈|ㅋㅋㅋ|삐쮸|장삐쮸|병맛더빙|더빙|웃긴동영상|꿀잼|신병|초병|장삐쭈 단편선|단편선|창작애니|볼만한 애니|재밌는애니|웃긴애니|볼만한애니|애니추천|만화추천|UFC|암바|장비주|쿠퍼네 가족|쿠퍼|쿠퍼액|성교육","1778241","41691","1484","10866","https://i.ytimg.com/vi/S_tyNjqA700/default.jpg","False","False","스튜디오 장삐쭈장삐쭈 ,  정영준 , 안류천  , 포포 , 윤성원 , 허혜원 , 정대준"
"kQ7-dtjI2kc","다시보는 '신천지의 수상한 비밀'","2020-02-28T02:29:57.000Z","UCawCv9kO2UXbTtsK4EammRQ","MBC PD수첩","25","20.03.03","PD수첩|시사교양|시교|시사|고발|MBC|뉴스|뉴스룸|백분토론|이슈|사회문제|신천지|이만희","1427479","18949","1005","4176","https://i.ytimg.com/vi/kQ7-dtjI2kc/default.jpg","False","False","2007년 5월 8일'신천지의 수상한 비밀' 방송분✔시대의 정직한 목격자, MBC PD수첩 (화 밤11시10분)✔PD수첩 본방을 놓쳤다면? 유튜브로 핵심을!   PD수첩 유튜브 공식계정 https://goo.gl/9tgdwM✔PD수첩 본방을 다시보고 싶다면?   iMBC : https://bit.ly/2ELLAyh   WAVVE : https://bit.ly/2EXiZq5#PD수첩 #신천지 #이만희"
"e9C1WWiAdgo","'COMEBACK' 전 세계 홀린 '방탄소년단'의 'ON' 무대","2020-02-27T11:31:05.000Z","UCbD8EppRX3ZwJSou-TVo90A","Mnet K-POP","24","20.03.03","엠넷|mnet|kpop|k-pop|star|program|엠카운트다운|엠카|MCOUNTDOWN|방탄소년단|방탄|BTS|진|슈가|제이홉|RM|지민|뷔|정국|JIN|SUGA|JHOPE|김남준|랩몬스터|JIMIN|김태형|태형|JUNGKOOK|on|온|컴백","3937381","361390","2295","10170","https://i.ytimg.com/vi/e9C1WWiAdgo/default.jpg","False","False","M COUNTDOWN｜Ep.654어우 미치겠다 방탄 너무 치명적인 거 아니에요 진짜? 나 눈 돌아 갈 뻔 했잖아 방금 너무 치명적이여서. 담당자 요즘 영어 공부해서 영어 단어 외워야 하는데 큐티섹시러블리월드와이드핸섬프리티뷰티풀나이스퍼펙트 다 외우기 힘들어서 그냥 방탄소년단으로 외웠어요. 'ON' 무대!방탄소년단 - ON (BTS - ON)World No.1 Kpop Chart Show M COUNTDOWN Every Thur 6PM(KST) Mnet Live on Air 매주 목요일 저녁 6시 엠넷 생방송"
"vmhpzaVgZQ4","2020년 03월 02일 월요일 생방송","2020-03-02T04:17:46.000Z","UCM8BcGB6BWKq3utIMhGKnUA","고성국TV","25","20.03.03","[none]","73797","8274","144","87","https://i.ytimg.com/vi/vmhpzaVgZQ4/default.jpg","False","False","2020년 03월 02일 월요일 생방송-정론일침-승복이가 궁금해-최창식후보 특별대담-김희정&이동은 예비후보 특별대담-이동섭의원 특별대담-주광덕의원 특별대담*자율구독료:  490701-01-183911 국민(고성국)* 정기구독 계좌이체 신청: http://www.ihappynanum.com/Nanum/B/QLUJSFZ0MJ* ARS자동이체: 1877-1891**구독료는 좋은 방송을 만드는데 큰 도움이 됩니다. # 문의:  kosungkook.tv@gmail.com/ 010-6657-3010"
"cGwiDEQXbNM","여군 특전사 707 후배의 등장/서바이벌/캠핑/특전사여군","2020-02-28T13:04:43.000Z","UC223G1Qi7_WWZqN6gtxCtSw","은하캠핑","17","20.03.03","#캠핑|#부시크래프트|#아웃도어|#캠핑요리|#서바이벌|#맥주|#차박|#비박|#캠핑장|#여행|#특전사|#박은하|#바베큐|#겨울|#힐링|#asmr|#혹한기|#산|#치킨|#텐트|#캠핑카|#오토캠핑|#camping|#bushcraft|#beer|#travel|#special_warrior|#barbecue|#healing|#chicken|#korea|#tent|#survival_tool|#생존|#생존도구|#survival_skill|#여경|실탄사격|대결|Pistol Showdown|Shooting player|Special Forces|A special mission|경찰|police|경찰특공대|호신술|Self-defense|military|클레이사격|Clay Target Shooting|배그|배틀그라운드|Battlegrounds|게임|도깨비|레인보우식스|레식|여군|고공강하|스카이다이빙|예비군|여군예비역|강은미","1423467","18838","522","3706","https://i.ytimg.com/vi/cGwiDEQXbNM/default.jpg","False","False","인스타그램: www.instagram.com/eunha.park.707 비지니스: eunhacamp@gmail.com안녕하세요 은하캠핑입니다.오늘은 특전사 707 후임을 소개하겠습니다.-카메라캐논 EOS 5D Mark IV -렌즈캐논 24-105mm F4L IS II USM -편집프로그램  EDIUS 6   -나이프Helle Didi Galgalu -후레쉬몬스터라이트 LED 후레쉬 ML2400QT 퀀텀http://bit.ly/YDSNP1"
"-mLU8KP-8Gc","제이름으로 치킨을 만드시겠다구요?","2020-02-29T11:04:31.000Z","UCu9BCtGIEr73LXZsKmoujKw","보겸 BK","24","20.03.03","보겸|bokyem|ASMR|한식|일식|중식|양식|요리|맛집|먹방|Mukbang|Eatingshow|치킨플러스|치킨|Chicken|양념치킨|톡톡이|톡톡이치킨|개매운치킨|강아지치킨|개치킨","1454141","19664","580","4524","https://i.ytimg.com/vi/-mLU8KP-8Gc/default.jpg","False","False","보겸TV 유튜브 구독하기 :: https://goo.gl/08r0gG보겸TV의 달달한 영상을 바로바로 시청하시려면 구독은 필수!보겸의 배틀그라운드 영상 모음 :: https://goo.gl/HE4cFd보겸의 오버워치 영상 모음 :: https://goo.gl/tSbgv0보겸의 롤 하이라이트 모음 :: http://goo.gl/It3CHa보겸의 보슐랭가이드/먹방 모음 :: https://goo.gl/em8WLQ보겸의 착불택배 개봉기 모음 :: https://goo.gl/o5nTzd보겸의 원피스 대백과사전 모음 ::  http://goo.gl/Psk9Uq보겸의 클래시로얄 모음 :: https://goo.gl/7wFF3D보겸이 아프리카TV 방송국 :: http://afreeca.com/bokyem123보겸이 인스타그램 :: https://www.instagram.com/great_bk보겸이 페이스북  :: https://www.facebook.com/gbk123456다양한 콘텐츠로 여러분을 찾아 뵙겠습니다!광고&섭외 문의는 bokyem123@naver.com로 문의주세요."
"fFaA_4s3IxA","신천지 이만희 교주가 세우려던 그들만의 왕국 / 계룡 향적산 매매의 배후는 신천지 인가? - 대전MBC 시사플러스 2013 0703","2020-02-28T15:02:05.000Z","UCmOwgVyR_Faye31Wk5v38bw","대전MBC","22","20.03.03","신천지|계룡|계룡산|향적산|이만희|신천지 교회|대전 신천지|대전mbc|시사플러스|대전|신천지 신도|맛디아 지파|맛디아 대전|대전 맛디아|맛디아|요한 지파|시몬 지파|바돌로매 지파|마태 지파|야고보 지파|도마 지파|빌립 지파|다대오 지파|베드로 지파|총회장 이만희|신천지 교회 총회장|영생교리|전도사|신천지 전도사|추수꾼|심방 전도사|신천지예수교회|신천지예수교증거장막성전|신천지 충남","334212","3498","279","580","https://i.ytimg.com/vi/fFaA_4s3IxA/default.jpg","False","False","2013년 7월 3일 방송된 대전MBC 시사플러스'향적산에 무슨일이' 입니다."
"99xtBanlpyM","[민주당 결단 촉구 라이브2] [언알바 님께 사과 라이브] 정당투표용지를 말하지 않으면 아무 의미가 없다. 민주당이 비례대표 후보를 내는 순간, 총선 필패!","2020-03-01T15:09:53.000Z","UCX4LFdCjFXMaCPbRH1omP6Q","최인호TV","25","20.03.03","[none]","88831","6465","195","60","https://i.ytimg.com/vi/99xtBanlpyM/default.jpg","False","False","☆ 완도전복생산자협동조합 061-555-6700☆ 중고폰 발송 주소: 서울 서초구 강남대로 160-2 라이온스빌딩 6층 주식회사 리폰(서랍 속 중고폰 착불로 위 주소로 택배 발송하세요. 박스 안에 종이 하나 넣으세요. 종이에 1. 최인호TV 2. 이메일 3. 휴대폰 연락처 4. 이메일 적으시고 발송.) ☆ 우리농원 된장: 1522-8046 ☆ 파란장미 꽃집 02-792-7123 ☆ 업성농장 굼벵이 010-5353-0800 ☆ 구룡포 박달 대게 010-2238-9891☆ 뿌리 깊은 샴푸 1566-7871 ☆ 맘그래스 그릭 요거트 010-7177-9283"
"9ETR1R4HDyY","룬레이보다 매운 스트리머 데려왔습니다.. 룬레이 울먹거림 ㅋㅋㅋㅋㅋㅋ","2020-02-29T10:00:02.000Z","UCTSaxXnhUcrhv984bVpDr6Q","투보","23","20.03.03","투보|최홍자|룬레이|토크|매운맛","335885","7671","257","1484","https://i.ytimg.com/vi/9ETR1R4HDyY/default.jpg","False","False","엘리베이터 올라가욧----------------------------------------­­­-----------생방송 주소 ▶ https://www.twitch.tv/xos659 ◀인스타그램 ▶ https://www.instagram.com/yang_ju_hwan/ ◀진정한 컴퓨터는 스마트컴 ▶ http://www.smtcom.co.kr ◀비즈니스 메일 ▶ xos100@naver.com ◀----------------------------------------­­­-----------썸네일 - 미라주편집자 - 시나몬----------------------------------------­­­-----------구독과 좋아요는 투보가 열심히 일하는데 일조합니다.#투보채널은 #유튜브커뮤니티 #가이드라인을준수합니다"
"K8I_JJKCpq8","케이의 2:1 소개팅!! 최종 선택 그녀는?!💑 (+미공개 영상) [아바타 소개팅] - KoonTV","2020-02-29T07:28:29.000Z","UCbfRcXCHe5I2RI6F8XIUQng","최군TV funny","24","20.03.03","최군TV funny|최군|최군TV|쿤티비|아바타소개팅|최군 아바타소개팅|아바타소개팅 레전드|소개팅 팁|소개팅 애프터|아바타소개팅 케이|케이 최군|아바타소개팅 케이 최군|아바타소개팅 박중규|케이|박중규","126575","987","130","110","https://i.ytimg.com/vi/K8I_JJKCpq8/default.jpg","False","False","케이의 2:1 소개팅!!최종 선택 그녀는?!💑 (+미공개 영상)[아바타 소개팅 케이 편 - 2부]케이 왕자님👑 드디어 소개팅 시켜줬습니다▶ 1부 보기 : https://youtu.be/VTM6RWIJm7o아바타소개팅 레전드 (19시즌) 몰아보기 - 1부▶ https://youtu.be/L43YJmF7IvU아바타소개팅 레전드 (19시즌) 몰아보기 - 2부▶ https://youtu.be/dOcr5joH3nA관련 영상▷ 소개팅 했습니다▶ https://youtu.be/8T5vTFoAyHM▷ 소개팅을 갔는데 여자가 2명이 왔다..▶ https://youtu.be/YaIFgaJWRXM#최군 #케이 #박중규 #최군케이 #케이아바타 #케이소개팅 #케이아바타소개팅 #아바타소개팅* 쿤TV 무삭제 풀영상 채널 : https://www.youtube.com/channel/UCwGeidQWKEMdFIujQrz37qw* 쿤TV 공식 페이스북 : https://www.facebook.com/GOLBANGLIVE* 최군 인스타그램 : http://instagram.com/koon1716*이 영상을 퍼가기는 허용하나 허가없이 변경/배포 할 시 법적책임을 물을 수 있습니다.*Copyright(c)2020 KoonTV All rights reserved."
"3zVsEFz4k-4","최후의 7인이 공개됩니다_미스터트롯 10회 예고","2020-02-27T16:31:32.000Z","UCuw1hxBo5mDVUhgMzRDk3aw","TV CHOSUN","24","20.03.03","TV조선|미스터트롯|트로트|노래|가수|오디션|장윤정|김준수|트롯|트롯맨|퍼포먼스","807797","5317","444","2098","https://i.ytimg.com/vi/3zVsEFz4k-4/default.jpg","False","False","1등 게 섰거라!순위 뒤집을 무대가 온다여태 없었던 마지막 강수레전드 미션 2라운드 듀엣 미션협동하되 상대를 꺾어라상상초월 무대 의외의 조합대결 잊게 하는 환상 호흡둘 중 한 명은 떨어진다누구도 예측 못한 충격의 결과최후의 7인이 공개됩니다3월 5일 목요일 밤 10시 방송"
"Iv3K67fQAZk","2020년 3월 1일 (일) 특집 뉴스룸 다시보기 - 오늘 또 586명｜누적 3736명…'경증' 생활센터 치료","2020-03-01T10:41:34.000Z","UCsU-I-vHLiaMfV_ceaYz5rQ","JTBC News","25","20.03.03","코로나|코로나19|폐렴|코로나19 속보|확진자 이동경로|1339|의심증상|31번환자|자가격리|자가격리 사망|음압병동|병상 부족|병상 지원|중증환자|경증환자|중증 기준|발열|기침|특별대책|정부 대책|확진자 급증|병상 대책|중앙임상위|의료진|브리핑|기자회견|임상위 제안|입원 대기|대기 중 사망|의료 현장|JTBC|JTBC NEWS|뉴스|뉴스룸|손석희|newsroom|sohnsukhee|제이티비씨|제이티비씨 뉴스|ㅓ슟|제이티비시|제이티비시 뉴스|서복현|안나경|한민용|뉴스룸 다시보기|뉴스룸 풀영상|뉴스 풀영상|뉴스 다시보기|JTBC LIVE","150990","792","201","82","https://i.ytimg.com/vi/Iv3K67fQAZk/default.jpg","False","False","1. 오늘 또 586명｜누적 3736명…'경증' 생활센터 치료국내 코로나19 확진자가 586명 늘면서 3736명이 됐습니다. 오늘(1일)도 사망자가 나오면서, 숨진 환자 수도 이제 모두 18명이 됐습니다. 이런 가운데, 정부는 중증 환자는 우선 입원시키고 경증환자는 생활치료센터에서 진료를 받게하는 대책을 내놨습니다.2. 최연소 확진자｜45일 신생아 감염…부모 모두 확진태어난지 45일 밖에 안된 신생아도 확진 판정을 받았습니다. 부모가 모두 확진 판정을 받은 상태였습니다. 3. 또 다른 감염원?｜강릉서 '중국인 유학생' 첫 확진국내에서 처음으로 중국인 유학생이 확진 판정을 받았습니다. 이 유학생은 강릉에 있는 대학교 기숙사에서 자가격리 중이었습니다.4. 이만희 검사 받겠다｜신천지 신도들 지난 1월 우한 방문일부 신천지 신도가 중국 우한에서 바이러스가 한창 퍼지고 있던 지난 1월, 우한을 다녀왔던 것으로 확인됐습니다. 이런 가운데, 신천치 측은 혐오와 비방을 멈춰달라며, 이만희 총회장도 진단 검사를 받을 계획이라고 했습니다.5. 병상 확보 '비상'｜'일반병동 개조' 확진환자 수용병상이 부족해 제대로 병원 치료를 받지 못하고 숨지는 환자가 잇따르면서, 여러 대책이 거론되고 있습니다. 일반 병동을 개조해서 확진 환자를 받기 시작한 경기의료원 안성병원에 직접 다녀왔습니다.6. 우체국 마스크｜내일 오전 11시부터…5장까지 1천원씩내일 오전 11시부터 전국 우체국 1400여 곳에서 1인당 5장까지, 장당 1000원에 보건용 마스크를 판매합니다. 오늘도 공적 마스크를 200만장 넘게 풀었지만, 여전히 부족했습니다.7. 여행경보 격상｜미, 대구 특정 '여행금지' 최고단계미국이 오늘 대구에 대해 여행 경보 최고 단계인 4단계, '여행 금지'를 발령했습니다. 다만, 대구를 제외하고는 경보 3단계인 '여행 재고'를 유지했습니다.▶ 뉴스룸 다시보기 (https://bit.ly/2nxI8jQ)#중증_우선입원 #경증_생활치료센터 #뉴스룸은_한걸음_더 #한민용☞JTBC유튜브 구독하기 (https://bit.ly/2hYgWZg)☞JTBC유튜브 커뮤니티 (https://bit.ly/2LZIwke)#JTBC뉴스 공식 페이지 (홈페이지) http://news.jtbc.co.kr(APP) https://bit.ly/1r04W2D페이스북 https://www.facebook.com/jtbcnews트위터 https://twitter.com/JTBC_news인스타그램 https://www.instagram.com/jtbcnews☏ 제보하기 https://bit.ly/1krluzF 방송사 : JTBC (http://www.jtbc.co.kr)"
"z2ZUYkLjCDo","[LIVE 퀴즈쇼] ♥상JOB것을 찾습니다♥ 결방으로 뇌물 공세하는 특별 라이브!!","2020-02-28T10:08:06.000Z","UCwx6n_4OcLgzAGdty0RWCoA","워크맨-Workman","24","20.03.03","워크맨|장성규|퀴즈|퀴즈쇼|워크맨 퀴즈|이벤트|소통|김민아|워크맨 장성규|워크맨 김민아","1713513","16283","472","1141","https://i.ytimg.com/vi/z2ZUYkLjCDo/default.jpg","False","False","JOB것들아~~♥ 인력소장이다~~~!잡것들아~~! 퀴즈 참여해죠서,,,고마워~~! 인력소장이 쎄엔쓰없게시리,,,너무 어려웠지,,~?^.ㅠㅋ정답이랑 당첨자는,~~ 쪼오끔만 기다리믄,,공개할게~!!!워크맨 유튜브 커뮤니티,,, 꼬옥~~ 확인해죠오~~~!!!!!ㅎㅋ☞ 참여 방법 : 현재 참여 마감☞ 참여 기간 : ~3/2(월) 오후 6시까지 ☞ 경품 : 에어팟 프로 + 워크맨 공식 굿즈 (총 5분)☞ 정답 및 당첨자 발표 : 3/3(화) 오후 6시 워크맨 커뮤니티 공지 ※ 당첨자 선정 기준 : 모든 문제 정답자 中 선착순 5분 선정   ※ 전체 문제 정답자가 없을 시, 많은 문제를 맞힌 순서대로 선정  ※ 중복 제출 시, 가장 먼저 제출한 답변으로 선별"
"y-f9ZXPxCdU","패셔니스타 물고기를 잡아보쟈","2020-02-29T11:00:13.000Z","UCIUfR-2qcpWqgAIfZJXOLWA","수빙수tv sooBingsoo","22","20.03.03","강담돔|돌돔|매운탕|회손질|강담돔회|물고기손질|생선손질|매운탕레시피|매운탕끓이는법|백호피|호피|활어|Rock porgy|イシガキダイ|줄돔","531493","13942","233","1893","https://i.ytimg.com/vi/y-f9ZXPxCdU/default.jpg","False","False","안녕하세요! 수빙수tv의 수빙수입니다!! 혀러분!! 이번 물고기는 아조고냥 ... 무서웠습니다소리를 내더군요 ㅎ.. 으르렁백호피라 그런걸까요 ㅎ 그래도 참 맛있었습니다 역대급 회식감과 역대급 매운탕!!!!!!!!!!!나나나나나 또머거!!!!!!!!!!!!!*협찬 및 광고제품은 필수로 표시합니다.*협찬 및 광고 해당표시가 없을 시 전부 사비구매 입니다.*수산물 시세는 매일 달라질 수 있습니다.*영상내용 무단도용 및 불펌 시 제재를 받을 수 있습니다.뮤팟참조글You’re free to use this song in any of your videos, but you must include the following in your video description (Copy & Paste):THE HAPPY SONG by Nicolai Heidlas Music https://soundcloud.com/nicolai-heidlasCreative Commons - Attribution 3.0 Unported- CC BY 3.0 http://creativecommons.org/licenses/b...THE HAPPY SONG by Nicolai Heidlas Music https://soundcloud.com/nicolai-heidlasCreative Commons - Attribution 3.0 Unported- CC BY 3.0 http://creativecommons.org/licenses/b...Music promoted by Audio Library https://youtu.be/cGuaRsXLScQDistributor: 저작권 걱정없는 유튜브용 음원 & 무료 효과음 서비스 ‘뮤팟’https://www.mewpot.com각국어 번역 자막 제작 : 컨텐츠 제작의 마무리는 컨텐츠플라이! 글로벌 진출을 위한 최고의 파트너,CONTENTSFLY에서 제작되었습니다.https://www.contentsfly.com"
"YaIFgaJWRXM","소개팅을 갔는데 여자가 2명이 왔다..","2020-02-29T10:07:57.000Z","UCIA-LPHNERP2MDUQpp2RVHg","케이","24","20.03.03","케이|케튜브","222507","2697","134","336","https://i.ytimg.com/vi/YaIFgaJWRXM/default.jpg","False","False","※과거의 썸은 오래전에 끝났으니 오해 없으시길 바라겠습니다■아프리카TV: http://afreecatv.com/zpdl1313■페이스북: https://www.facebook.com/junggyu2?fref=ts■인스타그램: wndrb11232대1 소개팅□문의: kbj3898@naver.com——————————————————————————————————Music provided by 브금대통령Watch : https://youtu.be/M3j0QKsiIPc"
"0--QZbNNAAs","방탄소년단 ON 소름돋는 뮤비해석 / 해군수달","2020-02-28T07:30:19.000Z","UCMxjwKk3V-69a8mcnU_XKnQ","해군수달","24","20.03.03","해군수달|뮤비해석|해군수달 뮤비해석|수달늬우스|방탄소년단|ON|BTS|ON 뮤비해석|온 뮤비해석|방탄 뮤비해석|ON 해석|BTS ON|ON MV|BTS ON MV","268157","12179","137","1278","https://i.ytimg.com/vi/0--QZbNNAAs/default.jpg","False","False","방탄소년단 ON 소름돋는 뮤비해석 / 해군수달멤버쉽 기능이 오픈되었습니다! 많은 혜택은 못드리지만 약속은 꼭 지키겠습니다https://www.youtube.com/channel/UCMxjwKk3V-69a8mcnU_XKnQ/join* 영상공유는 링크로만!* 재업로드 하지 말아주세요!* 본 영상은 해군수달의 개인적인 의견도 포함되어 있습니다.* 욕설 포함 댓글 및 영상에 관계없는 댓글은 삭제됩니다.BGM : https://www.youtube.com/watch?v=0LN4YQAtNAo"
"XdFruKzHYtQ","반복되는 개학식 | 밍꼬박스-댓글 편 [밍꼬발랄]","2020-02-29T00:00:06.000Z","UCCJkwrmhIqWkSFV-sQol4Qw","밍꼬발랄Mingggo","23","20.03.03","밍꼬발랄|밍꼬|꼬밍|발랄|모아보기|이어보기|정주행|꿀잼|꿀팁|유형|유형별|꼭있는유형|유형별공감|공감|소통|댓글요청|사건|사연|재연|연기|에피소드|이야기|상황극|공감상황극|학교공감|학생공감|친구공감|교실공감|형제공감|자매공감|아빠공감|엄마공감|가족공감|유형드라마|mingggo|story|episode|acting|type|interesting_story|funny_story|interesting_episode|funny_episode|type_drama|empathy|empathy_by_type|Must-have_type|school_empathy|student_empathy|friend_empathy|共感|类型|学校共感|学生共感|友達共感|Đồngcảm|kiểu|Đồngcảm_theoloại|Đồngcảm_của_trường|Đồngcảm_của_học_sinh|투니버스|투니버스밍꼬발랄|밍꼬박스|댓글편|반복되는개학식","432914","11303","343","6452","https://i.ytimg.com/vi/XdFruKzHYtQ/default.jpg","False","False","어제 방학했는데 오늘 개학이라고?!끊임없이 반복되는 개학식!꼬밍이들이 생각하는 결말을 댓글로 남겨주세요~!-오늘도 밍꼬스럽게, 밍꼬박스-[밍꼬 배경화면]_https://grafolio.naver.com/mingggo[밍꼬 페이스북]_https://www.facebook.com/mingggggo[밍꼬 인스타그램]_https://www.instagram.com/mingggggo#밍꼬박스 #댓글편 #반복되는개학식(BGM)Track : BrunchMusic by 브금대통령Music provided by 브금대통령Watch : https://youtu.be/bO5FQBl77VUMusic provided by 브금대통령Track : 몰래몰래 - https://youtu.be/H2_mQJOa6n4Track : What Does It Taste Like?Music by 브금대통령Music provided by 브금대통령Watch : https://youtu.be/vKQtAquFsUkTrack : Tom's PlanMusic by 브금대통령Music provided by 브금대통령Watch : https://youtu.be/OU1BAKThMl4"
"tPdrz99MCkE","신천지 파이터가 말하는 신천지가 정체를 숨기는 이유","2020-02-27T11:59:09.000Z","UCqRHncabshHQm_8t2SuMUrA","씨리얼","25","20.03.03","신천지|이만희|CBS|YTN|씨리얼|이단|기독교|복음방|코로나19|코로나|역학조사|교회|스포트라이트|그알|변상욱","1790727","43907","1242","4533","https://i.ytimg.com/vi/tPdrz99MCkE/default.jpg","False","False","코로나19 바이러스가 정말 신천지 때문에 퍼진 건가요? 신천지는 왜 정체를 숨기는 걸까요? 자가격리는 왜 안 하는 건가요?이만희 *새끼라고 못 말하면 신천지일까요? 신천지와 일반 교회 구별법은?우리는 그래서 신천지를 어떻게 바라봐야 할까요.신천지와 13년 동안 싸운 파이터, 변상욱 대기자님을 만나 물어봤습니다.ㅡ씨리즌의, 씨리즌에 의한, 씨리즌을 위한 씨리얼 '구독'하고! 더 많은 곳에서도 퍼묵퍼묵🥣 인스타그램: https://www.instagram.com/creal.official 페이스북: https://www.facebook.com/creal20/"
"r2__E-cfvGA","[선공개] ＂축구가 더 힘들어＂ 허재(Huh Jae) 심경 고백에 서장훈(seo jang hoon) ♨배신감 MAX♨ 아는 형님(Knowing bros) 219회","2020-02-29T01:17:53.000Z","UCFL1sCAksD6_7JIZwwHcwjQ","JTBC Entertainment","24","20.03.03","아는 형님|형님|형님 학교|허재|김병현|이형택|뭉쳐야 찬다|선공개|농구 대통령|국보급 센터|농구|축구|야구|스포츠|심경 고백|농구인 연합|예능|슈퍼주니어|버즈|Knowing bros|Knowing brother|min kyung hoon|kim hee chul|kang ho dong|seo jang hoon|lee soo geun|kim young chul|lee sang min|buzz|superjunior|Huh Jae|Lee Hyung-Taik|Kim Byung-hyun","1380302","7889","272","2851","https://i.ytimg.com/vi/r2__E-cfvGA/default.jpg","False","False","어떤 스포츠가 더 힘든지에 대해 말하는 허재x김병현x이형택이때 믿었던 허재의 뜻밖의 심경 고백＂축구가 더 힘들더라＂허재의 심경 고백에 배신감 가득 찬 서장훈♨ ＂뭔 이상한 소리를 하고 있어↗↗＂농구 대통령 허재와 국보급 센터 서장훈의생각이 조금 다른 듯한(?) 농구인 연합 ㅋㅋ토요일 밤 9시 ＜아는 형님＞ 놓치지 마세요!"
"D3AJIgOaJ5Q","고3이 마음 진정 안 되는 순간 [언어의 온도 : 우리의 열아홉] Ep.5","2020-02-29T09:00:03.000Z","UCLQ_lTDcNOj7VzNeW0kZ17w","tvN D STORY","24","20.03.03","언어의온도|언어의온도 우리의열아홉|우리의 열아홉|진지희|강민아|남윤수|유정우|주어진|에이틴|연플리|엑스엑스|웹드라마|웹드라마 추천|드라마 추천|다시보기|고등학교|고등|연애|학생|Kdrama|Kdrama2019|Kdrama2020|K idol|등급|고3|수능|빵꾸똥꾸|오분순삭|거침없이 하이킥|차아현|명대사|드라마|라이크|대학|정시|수시|입시|우정|친구|고민|수험생|스트레스|모의고사|중간고사|기말고사|사랑|짝사랑|또한번 엔딩|또한번엔딩|연남동키스신|연남동 키스신|리얼타임러브|리얼:타임:러브|리얼:타임:러브2|여고생|tvn|tvnd|플레이리스트|좀예민해도괜찮아|통통한연애|소녀의세계|소녀의 세계|좀예민해도괜찮아2|하이킥|거침없이|낭만닥터|낭만닥터 김사부|김사부|찐엔딩|몰아보기","306179","6412","63","853","https://i.ytimg.com/vi/D3AJIgOaJ5Q/default.jpg","False","False","둘이 언제부터 나 몰래 썸타고 있었냐 🧐이찬솔... 또 나만 진심이었지??귀엽고 풋풋한 ❤️진솔커플과 시크하고 묘한 💙한강커플!과연 두 커플의 결말은...? (후후 나만 알고 있을거야)그래서 키스신 어디냐면 요기 👉🏻 13:21마지막에 우리 찬솔이의 짠한 모먼트도 있으니까,놓치지 말고 끝까지 쭉 봐주기 😘-영상 사용에 협조해주신 Ragi님을 비롯한 프리픽스 관계자분들께 감사드립니다.💜 VLIVE & YouTube에서 매주 목, 토 6시에 만나요!💜 뭐라고? V LIVE에서 한 화 먼저 볼 수 있다고? 😱 나만 몰랐어;; 😱💜 tvN D 채널 구독하기 : https://bit.ly/2SD9LFP#웹드라마 #진지희 #강민아"
"RR2VzcbTVEE","4.15총선 새로운 구도와 분석 전망","2020-02-29T19:28:12.000Z","UCzQJmmpZjqzJe96CwlrwlHQ","시사타파TV","25","20.03.03","[none]","155986","18022","255","1446","https://i.ytimg.com/vi/RR2VzcbTVEE/default.jpg","False","False","#4.15총선승리#탄핵역풍#선거분석"
"57i31lq1FXA","댓글부대 여론조작, 대깨문이 한국사람이 아니다..??","2020-02-28T16:49:08.000Z","UChtCk_buYtrLlwakVA6QMPg","얼음사이다","25","20.03.03","[none]","283894","25497","1927","4523","https://i.ytimg.com/vi/57i31lq1FXA/default.jpg","False","False","얼음사이다 멤버십https://www.youtube.com/channel/UChtCk_buYtrLlwakVA6QMPg/join본 채널은 자유민주, 시장경제, 이성과 상식이 살아숨쉬는 대한민국을 지향합니다. 시청자분들의 관심과 도움으로 바른 목소리를 내는데 큰 힘이 됩니다.#문재인 #대깨문"
"m2aCuC-LU2E","[Ep.94-95] (ENG CC) 댄스천재 펭수 vs 임문식이 댄.스.배.틀","2020-02-28T12:00:09.000Z","UCtckgmUcpzqGnzcs7xEqMzQ","자이언트 펭TV","19","20.03.03","EBS|wkdldjsxm|vpd|tv|vpdtn|vpdrnls|자이언트|펭TV|펭수|펭귄|사백안|210|cm|펭|크리에이터|유튜브|댄스|배틀|춤|대결|승부|임문식|임문식이|스쿨|임문식댄스스쿨|멜빵|반다나|머리띠|모자|90년대|스텝업|찹쌀떡|EDM|리믹스|remis|club|이디엠|비트|드랍|Dance|battle|choreography|음악|music","688211","28655","271","5144","https://i.ytimg.com/vi/m2aCuC-LU2E/default.jpg","False","False","밖에서 보지 마세요 눈물샘 주의94,95화 음원1. 월화수목금토일_제이레빗2. WANT_태민3. MOVE_태민4. Doctor kim sa boo (Ending Title)_전창엽, 마마고릴라5. Error다, 애라_Various Artists_쌈, 마이웨이 OST6. Never Stop_Chilly Gonzales7. One Two Cha Cha Cha (From _Shalimar_)_Usha Uthup8. Black Swan_방탄소년단9. The Avengers_Alan Silvestri10. 안동역에서_진성11. 티키타카 (Feat. Deepflow, 우탄, 넉살, ODEE)_VMC12. 하이든_ 현악 4중주 F장조, Hob. III_17 (Op. 3-5) '세레나데', 2악장_Janacek Quartet13. 짜파구리_정재일_기생충 OST14. MISTY_개미, 이건영_미스티 OST15. Resolver_Yoshimata Ryo_하늘에서 내리는 1억개의 별 OST16. Everybody Wants To Rule The World_Lorde17. 펭수 찹쌀떡 리믹스  https://www.youtube.com/watch?v=T4R3whhiZMk18. Swindler VS Police_박정은_국민 여러분! OST19. 내가 웃는게 아니야 (With Ali)_리쌍20. 어른_Sondia_나의 아저씨 OST21. Candy (캔디)_H O T22. Runnin'_Adam Lambert23. If You Crump Stand Up_Edit24. Get Me The GI Joes_Henry Jackman_G.I. Joe25. 연결고리 (feat. MC Meta)_일리네어 레코즈26. 사소한 것에서_AKMU27. Summer_Calvin Harris28. 걸어가네 (inst.)_제제29. 큐사인_이원석_스토브리그 OST 30. Map Of The Problematique_Muse"
"B3Zh04o75rY","절대 줄어들지않는 무한 삼겹살 축구공 만들어보았습니다! (Unlimited Samgyupsal Ball Pork belly)","2020-02-29T07:06:55.000Z","UCk6bX-MZXdte_7kG8TbMkqg","허팝Heopop","24","20.03.03","허팝|heopop|gjvkq|삼겹살|samgyupsal|samgyupsal ball|soccer|고기|삼겹살 축구공|삼겹살 고기|삼겹살 공|무제한 삼겹살|대패삼겹살|대패삼겹살 축구공|무제한 고기집|뷔페|고기 뷔페|unlimited pork|pork belly|pork belly ball|korean pork belly|slice pork belly|무제한 5kg 삼겹살|10kg 삼겹살|삼겹살 볼","428473","7044","476","1967","https://i.ytimg.com/vi/B3Zh04o75rY/default.jpg","False","False","줄어들지않는 무한 대패삽겹살 축구공 ㅋㅋㅋ만들어서 먹어보았습니다 ㅋㅋ고기 먹을때 중요한건 고기 공급이 끊기면 안된다는거 아시죠?!#삼겹살축구공 #삼겹살 #허팝 #대패삽겹살 #대패삼겹살축구공 #heopop #soccerball #football #porkbellyball #samgyupsal #samgyupsalball [LIKE], [SUBSCRIBE] and [SHARE]!!!●Heopop channel : http://goo.gl/pAHo88●HeopopLife channel : https://goo.gl/wEKBJb●HoopopGames channel : http://goo.gl/upcwMZ●Heopop's Instagram : http://goo.gl/tDS7WY●Heopop's Facebook : http://goo.gl/vuVDQK"
"_vQn4xIGXQk","[유시민의 알릴레오 52회] 내가 국회의원이 될 상인가 - 윤건영 전 청와대 국정기획상황실장","2020-02-28T11:00:11.000Z","UCJS9VvReVkplPwCIbxnbsjQ","사람사는세상노무현재단","25","20.03.03","노무현|노무현재단|유시민|윤건영|문재인|청와대|선거|국회의원","376010","35258","883","1837","https://i.ytimg.com/vi/_vQn4xIGXQk/default.jpg","False","False","#유시민의알릴레오 #금요일저녁8시 #4.15총선노무현재단은 후원회원 한분 한분이 보내주시는 소중한 후원금으로 운영됩니다. 여러분의 후원이 세상을 바꾸고, 대한민국의 미래를 만들어갑니다.　 ◎ 사람사는세상 노무현재단 공식 SNS홈페이지  http://www.knowhow.or.kr후원안내  1688-0523페이스북 https://www.facebook.com/rmoohyun인스타그램 https://www.instagram.com/rohmoohyunfoundation유튜브 https://www.youtube.com/c/사람사는세상노무현재단트위터 https://twitter.com/RohFoundation노무현사료관 http://archives.knowhow.or.kr"
"wrUe4LnSd0U","윤정엄마표 안주 한 상 (feat.애는 재워~) [슈퍼맨이 돌아왔다/The Return of Superman] 20200223","2020-02-23T14:25:11.000Z","UCK1sVuXaDvJeNwl9noN5nOA","KBS Entertain","24","20.03.03","슈퍼맨|아빠|육아도전|육아|리얼리티|관찰예능|공동육아|육아대디|육아24시|육아꿀팁|도경완|도연우|장윤정","288644","1451","98","58","https://i.ytimg.com/vi/wrUe4LnSd0U/default.jpg","False","False","윤정엄마표 안주 한 상 (feat.애는 재워~)"
"uppg49Uz_pE","금발 백인소녀의 심장을 이식받은 원주민 소녀, 그런데.. 헐?","2020-02-28T09:43:00.000Z","UCBHXCaw_W6sxfgAB7rC-BYw","소개해주는 남자","1","20.03.03","[none]","1011213","10089","331","698","https://i.ytimg.com/vi/uppg49Uz_pE/default.jpg","False","False","넷플릭스 드라마 '너의심장 시즌1' 스토리텔링 및 리뷰영상입니다.감사합니다."
"kCk8x__pXvE","IZ*ONE (아이즈원) - 'FIESTA' Dance Practice","2020-02-28T08:00:03.000Z","UCe_oTYByLWQYCUmgmOMU_xw","official IZ*ONE","24","20.03.03","IZ*ONE|IZ ONE|아이즈원|アイズワン|PRODUCE48|프로듀스48|プロデュース フォーティーエイト|장원영|JANG WON YOUNG|미야와키 사쿠라|MIYAWAKI SAKURA|宮脇 咲良|조유리|JO YU RI|최예나|CHOI YE NA|안유진|AN YU JIN|야부키 나코|YABUKI NAKO|矢吹 奈子|권은비|KWON EUN BI|강혜원|KANG HYE WON|혼다 히토미|HONDA HITOMI|本田 仁美|김채원|KIM CHAE WON|김민주|KIM MIN JU|이채연|LEE CHAE YEON|블룸아이즈|BLOOM*IZ","2087651","113751","1362","5288","https://i.ytimg.com/vi/kCk8x__pXvE/default.jpg","False","False","IZ*ONE (아이즈원) - 'FIESTA' Dance PracticeIZ*ONE 'BLOOM*IZ' oniTunes : https://music.apple.com/kr/album/bloom-iz/1498413639?app=musicSpotify : https://open.spotify.com/album/4yAAAWwN4WaxefmncjDsMwIZ*ONE Official Twitter : https://twitter.com/official_izoneIZ*ONE Official Facebook : https://www.facebook.com/official.izoneIZ*ONE Official Instagram : https://www.instagram.com/official_izoneIZ*ONE Official fancafe : http://cafe.daum.net/official-izone"
"4WgpwBmvS0Q","(몰카)밀랍인형인 줄 알았던 박지성이 진짜 박지성이라면?ㅋㅋㅋㅋㅋㅋㅋㅋ l 슛포러브 Shoot for Love","2020-02-28T10:00:00.000Z","UCdTDdygpZKdDew2s1s419iw","Shoot for Love 슛포러브","17","20.03.03","슛포러브|Shootforlove|박지성|맨유|콜러|맨체스터유나이티드|몰래카메라|몰카|해버지|씨잼철|C.잼철|경희대구너|정이수","3504766","25004","504","2320","https://i.ytimg.com/vi/4WgpwBmvS0Q/default.jpg","False","False","밀랍인형 전시관에 있는 박지성이 진짜 사람 박지성일때 사람들의 반응은?ㅋㅋㅋㅋㅋㅋㅋㅋㅋㅋㅋㅋㅋㅋㅋㅋ==슛포러브 더보기 :Instagram : http://instagram.com/shoot_for_love/Facebook : http://facebook.com/shoot4love"
"rWo7Q8b0rl8","적어도 난 진짜 연애중이야 #남사친이_불편해졌다 #삼각관계 [리얼:타임:러브2] EP5 (SUB)","2020-02-28T11:00:09.000Z","UC8DdZkTABAnSBvoRknqOTOA","리얼:타임:러브","24","20.03.03","리얼타임러브|리얼타임러브2|웹드라마|웹드|웹드라마몰아보기|웹드몰아보기|kdrama|webdrama|홍연|문예찬|일진에게찍혔을때|일찍|우웅우웅|키스신|웹드라마 학교|7일만|리얼하이|리얼하이2|웹드 추천|웹드 남사친|남사친|여사친|스킨십|키스|비밀연애|룩개팅|쏭개팅|잼스터|하이틴|학교|고등학교|고딩|급식|에이틴|플레이리스트|엑스엑스|어하루","541943","21002","129","3954","https://i.ytimg.com/vi/rWo7Q8b0rl8/default.jpg","False","False","#리얼타임러브 #웹드라마 #연예찬두 남자가 나를 두고 싸우는게.. 이렇게 불편한 건지 몰랐다ㅠㅠㅠㅠㅠ💖리얼:타임:러브 EP 5 이벤트💖  남사친을 남친으로 만들어주는 [문예찬 필수템!]비레디 [렙업파데+아이브로우+키스립밤] SET를 드립니다.#신학기_훈남템 #문예찬템리타럽 특별 MD도 준다구!!!!문예찬 필수템 구경가기 ▶ http://bit.ly/392Yplw· 이벤트 기간 : 3월 5일 목요일 까지  · 이벤트 참여 : 좋아요/구독/공유/알림설정 후 문예찬템 받고싶은 이유 적기!· 이벤트 상품 : [리얼:타임:러브2] 비레디 예찬템 SET 5명· 당첨자 발표 : 개별 댓글로 고지  · 주의 사항 : 필수조건 꼭 충족된 후 댓글을 적어주세요.유튜브 닉네임을 변경하거나, 이벤트 참여 댓글 삭제 시 당첨자가 변경될 수 있으니 주의해주세요! 매주 금요일 저녁 8시 [리얼:타임:러브2]인스타그램 팔로우! @real_redmxxn"
"Sa-kWjPgiyg","퇴로 없다 [서정욱 변호사]","2020-02-29T01:30:00.000Z","UCxuf3GXK290vcpFW0lxm0Uw","이봉규TV","25","20.03.03","이봉규|이봉규TV|서정욱|변호사","272997","25584","950","1216","https://i.ytimg.com/vi/Sa-kWjPgiyg/default.jpg","False","False","퇴로 없다 [서정욱 변호사][이봉규TV 멤버십 가입]https://www.youtube.com/channel/UCxuf3GXK290vcpFW0lxm0Uw/join이봉규 TV 후원계좌신한은행 110-494-556972[페이스북]https://www.facebook.com/fridayhappy1[네이버 카페]http://cafe.naver.com/bongkyuleetv[네이버 블로그]https://blog.naver.com/2018bong'구독'과 '알림'을 통해 많은 관심 부탁드립니다.※ 본 영상의 모든 저작권은 ‘이봉규 TV’ 에 있습니다.　 무단으로 수정, 게시, 불펌을 금합니다."
"ViHkcRzrzxk","🌈 외국젤몬으로 3가지 액괴만들기 🌈 | 몽쵸님 참고 | 무지개 젤몬 | 손으로 액괴만들기 | rainbow slime | 뿌직","2020-02-29T03:39:51.000Z","UCDW6-1BLKS3iGqa3jWZm1yw","뿌직PPUJIG","22","20.03.03","[none]","258130","8275","245","2475","https://i.ytimg.com/vi/ViHkcRzrzxk/default.jpg","False","False","안녕하세요! 뿌링클여러분 ♡ 뿌직입니다 :)요즘 코로나19 때문에 많이 불안하시죠 ㅠㅠ이럴 때일수록 손 잘 씻고, 불필요한 외출은 자제하고,외출할 때는 꼭! 마스크를 착용해야 한다는 점 잊지 마세요!! 06:21 06:21 06:21 06:21제가 이번에 이벤트를 진행하게 되었어요! ☺바로 응원댓글 이벤트 입니다!! ❤현재 각 온라인 서점에서 진행하고 있어요!3월 15일까지 진행될 예정이고, 총 5분께 글리터슬라임 베이스를증정한다고 하니 많은 참여 부탁드려요 ◟(◔ั₀◔ั )◞ ༘♡👇 이벤트 참여하기 👇https://bit.ly/3c8hep4 - 교보문고⠀https://bit.ly/2w739HU - 예스24⠀https://bit.ly/2w5enNn - 인터파크⠀https://bit.ly/2PrpYNk - 알라딘그럼 오늘도 제 영상을 보러와주셔서 정말 감사합니다!건강 조심하시구요! 오늘도 사랑해요 ❤❥구독과 좋아요 감사합니다!❥made by. 뿌직❥촬영-갤럭시노트 10+❥편집-파워디렉터❥폰트-감귤감귤❥음악-동물의 숲 오전3시"
"Hog2kqB0rxc","찰칵찰칵찰칵찰카ㄱ","2020-02-29T03:15:01.000Z","UCvXoedkUpd2frzLnZgpx1zw","악녀","23","20.03.03","[none]","191959","6123","39","490","https://i.ytimg.com/vi/Hog2kqB0rxc/default.jpg","False","False","❥악녀의 생방송 : https://www.twitch.tv/bgirl_0❥악녀에게 후원하기 : https://twip.kr/donate/bgirl_0❥악녀 일상훔쳐보기 : https://www.instagram.com/yeeun_bg/?hl=ko"
"C1xk-GabSOY","[토크멘터리 전쟁史] 192부 나폴레옹의 등장, 툴롱 전투1","2020-02-28T05:00:05.000Z","UCXNMgSZqmfX1_K8Uf4l4sog","국방TV","27","20.03.03","국방tv|토크멘터리|전쟁사|나폴레옹|툴롱 전투|유럽 전쟁사|프랑스 혁명|방데 반란|왕당파|프랑스 공회|마르세유|올리울|아비뇽|리틀 지브랄타|카르토 장군|도페 장군|치과의사|전쟁 장관|뒤고미에|살리체티|코르시카 출신|프랑스 급진파|자코뱅|오귀스탱 드 로베스피에르|대포|포병|오합지졸|샤스 코퀀|탈진|총검 돌격","160454","3086","73","726","https://i.ytimg.com/vi/C1xk-GabSOY/default.jpg","False","False","프랑스혁명 이후 반란이 각지에서 일어나며 매우 혼란한 시기였던 프랑스~대(對) 프랑스 동맹을 맺은 유럽 국가들!프랑스 제1군항의 요충지 툴롱~영국 스페인과 연합하여 반란의 조짐을 보이고위기감을 느낀 프랑스정부는툴롱에 군사를 보내 진압에 나서는데~토크멘터리 전쟁사에서 파헤쳐 본다~!!"
"2fwelfaI4Sg","신에게 쌍욕을 해버린 이쁜 귀신 때문에 뒤집어진 인간계","2020-02-27T09:32:29.000Z","UCMguxwveCsLVpyKrLz-EFTg","달빛뮤즈","1","20.03.03","하이바이마마|하이바이마마결말|하이바이마마 줄거리|하이바이마마 예고편|드라마 하이바이마마|하이바이마마 김태희|김태희|김태희드라마|하이바이마마 원작|하이바이마마OST|하이바이마마서우진|하이바이마마2회|하이바이마마 1회|드라마추천|마마|tvN드라마추천|tvN|하이바이마마 아역|하이바이마마 재방송|하이바이마마 작가|고보결|이규형|아역배우 서우진|인생드라마|드라마후기|tvN 예고편|드라마리뷰|드라마소개|추천드라마|달빛뮤즈|달빛뮤즈tvN|달빛뮤즈드라마|달빛뮤즈리뷰|달빛뮤즈 이뻐|죽기전에꼭봐야할드라마|hibyemama|Drama|movie trailer|Movie Review|Storyteller|DALBITMUSE","634235","4885","209","559","https://i.ytimg.com/vi/2fwelfaI4Sg/default.jpg","False","False","오늘 소개해 드릴 드라마는#하이바이마마#달빛뮤즈#드라마▶ 달빛뮤즈 채널 구독 https://goo.gl/WQL21u▶ 하이바이, 마마! 링크 http://bit.ly/3aalumq▣ 재생목록 ━ 시리즈 ━━━━━━━━━━━━━━━▶ 킥애스 【1+2】  http://bit.ly/2SRRqqj▶ 헝거게임 【전편】  http://bit.ly/2SY4iv7▶ 28일 후 + 28주 후 http://bit.ly/375mgjg▶ 나쁜 이웃들 【1+2】 http://bit.ly/38j9nSO▶ 레지던트이블 【1+2+3】 http://bit.ly/2TALMt1▶ 레지던트이블 【4+5+6】 http://bit.ly/3aoUFfa▶ 프린세스 다이어리 【1+2】 http://bit.ly/2ZPad6Z▶ 박찬욱 복수 삼부작 http://bit.ly/2B71amc▶ 드래곤길들이기 http://bit.ly/2XcguI6━ 장르 ━━━━━━━━━━━━━━━━━━▶ 한국 드라마 http://bit.ly/2OYjhmk▷ 액션 http://bit.ly/2U0VySo▷ 좀비 http://bit.ly/2Hfgq5T▷ 실화 http://bit.ly/2TDPKl5▷ 범죄 http://bit.ly/2kbtz5Q▷ 병맛 http://bit.ly/2J3Uv1j▷ SF    http://bit.ly/2TxBNpr▷ 마블 http://bit.ly/2F8G0ad▷ 역사 http://bit.ly/2HymYvx▷ 감동 http://bit.ly/2HwKhGi▷ 학교 http://bit.ly/2F2VnzB▷ 킬러 http://bit.ly/2NZ6P3o▷ 복수 http://bit.ly/2kmJWwE▷ 요리 http://bit.ly/2mcc7ij▷ 댄스 http://bit.ly/2NThe1K▷ 애니 http://bit.ly/2Sl0r79▷ 초능력 http://bit.ly/2ty1kPJ▷ 로맨스 http://bit.ly/2mkK93S▷ 드라마 http://bit.ly/2TL8E5o▷ 코미디 http://bit.ly/2F2W7ET▷ 외계인 http://bit.ly/2HA5kI1▷ 판타지 http://bit.ly/2T5Ep8W▷ 뱀파이어 http://bit.ly/2F0RjzT▷ 시간여행 http://bit.ly/2MCcJrP▷ 공포, 호러 http://bit.ly/2JaZCi9▷ 미스터리, 스릴러 http://bit.ly/2B62vds━ 배우 ━━━━━━━━━━━━━━━━━━ ▷ 마동석 http://bit.ly/316waxl▷ 손예진 http://bit.ly/317T1Ze▷ 강동원 http://bit.ly/33rXMyF▷ 유해진 http://bit.ly/2IJkvyh▷ 김윤석 http://bit.ly/2B8hkvy▷ 심은경 http://bit.ly/2MawfvX▷ 유아인 http://bit.ly/2PibZKu▷ 앤해서웨이   http://bit.ly/2DMKQs1▷ 시얼샤로넌   http://bit.ly/2UrJEkG▷ 잭 에프론      http://bit.ly/2UxQvbO▷ 클로이모레츠 http://bit.ly/2IgJLhA▷ 브래들리쿠퍼 http://bit.ly/2kMAW3T▷ 제니퍼로렌스 http://bit.ly/2lWtGmb▷ 레이첼맥아담스 http://bit.ly/2E41kfK▣ 다른 채널▷ 페이스북 http://bit.ly/2BZD8Ln▷ 인스타그램  http://bit.ly/2En7xp5★ 구독과 추천은 다음 영상 제작에 큰 힘이 됩니다.★ 본 영상은 tvN과 협의된 영상입니다.#영화리뷰 #달빛뮤즈 #추천영화 #영화소개 #영화추천#영화 #최신영화 #귀신드라마 #코미디드라마enjoy~"
"DJcKxirB4Nw","도대체 정체가 뭐야..? 어린이 만화인 으랏차차 짠돌이네에서 발견된 소름돋는 캐릭터","2020-02-29T02:00:00.000Z","UCvi7EYzMlfSB0ZkX55i5LlA","타임스낵","24","20.03.03","타임스낵|TIME SNACK|시간 때우는 채널|시간 때우는 영상|시간 때우기|재밌는 영상|레전드|베스트|웃긴 영상|웃음참기|웃음참기 챌린지|자막드립|미스터리|미스테리|으랏차차짠돌이네|소름|소름돋는","505780","7988","239","2498","https://i.ytimg.com/vi/DJcKxirB4Nw/default.jpg","False","False","아이들이 보는 만화인 으랏차차 짠돌이네에서 발견된 의문의 캐릭터, 도대체 정체가 뭘까요? 맛있게 시청하세요!!ㄷㄷㄷ🍪 우리 바삭이들 사랑해요 ㅎㅎ ♥🍪 반죽이들도 구독해줄꺼죠? :) 🍪 늘 재밌는 영상으로 보답할게요!!🍪 제보와 문의는 [ timesnack24@gmail.com ] 으로 메일주세요!!#미스터리스낵#으랏차차짠돌이네#소름"
"vZ3L_cM7X8s","한국 지하철을 난생 처음 타고 신세계를 경험한 베트남 동생의 반응?! 멘붕 옴...","2020-02-28T09:00:15.000Z","UCLvaHVogti2o0AkXoNZzeKA","코이티비KOITV","19","20.03.03","베트남|호치민|사이공|vietnam|hochiminh|saigon|음식|코이티비|베트남동생|지하철|지하철 반응|외국인 지하철|한국 지하철|처음|타본|난생 처음|베트남 동생 반응|코이티비 반응|코이티비 여행|코이티비 한국|신기한","351662","11308","372","999","https://i.ytimg.com/vi/vZ3L_cM7X8s/default.jpg","False","False","*https://www.youtube.com/channel/UCLvaHVogti2o0AkXoNZzeKA/join*비지니스 문의는 monstaz.vn@gmail.com로 하시면 됩니다.*코이 인스타https://instagram.com/redhatsg*스카이 인스타https://instagram.com/cogaisky*모모 인스타https://instagram.com/cute___momo?utm_source=ig_profile_share&igshid=1mr0wjboof8r5- FACEBOOK 페이스북 : https://www.facebook.com/sukho.hong.39"
"Med7QfgDLlY","신천지 최고 전문가가 밝혀낸 그들의 수법! (f. 김용민)ㅣ정영진 최욱의 매불쇼","2020-02-27T05:44:31.000Z","UCMYhq9OyGI5UEz_NTAoHY7A","팟빵 매불쇼 오피셜","23","20.03.03","신천지|이만희|지재섭|대구 신천지|코로나 신천지|신천지 명단|제주신천지교인|제주 신천지|거짓정보 신천지|신천지 교주|코로나19|코로나19 감염|코로나19 예방법|코로나 증상|코로나 검사방법|코로나 전화|부산 코로나|대구 코로나|신천지 이만희|신천지 김남희|과천 신천지|신천지 우한 교회|신천지 우한 선교|신천지 사이비|경기도 신천지|신천지 이재명|신천지 예배당 명단|코로나 진원지|코로나 취소|한미연합훈련|코로나 병원|코로나 맵|한국 코로나 사망자|코로나있다|기침 발열|신천지대구교회|신천지 횡령|동선 공개|김용민|김용민 KBS|김용민 거리의 만찬|김용민 유튜브|조믿음|싸이 장인|싸이 신천지","724447","23788","699","1668","https://i.ytimg.com/vi/Med7QfgDLlY/default.jpg","False","False","http://www.podbbang.com/ch/16898?e=23400355▲신천지 파헤치기! 최고의 전문가가 말하는 그들의 '수법' (f. 김용민)고품격 예능 콘텐츠 '정영진 최욱의 매불쇼'세상의 모든 이야기를 재미로 풀어내는 국내 유일 버라이어티 쇼!압도적 재미, 매불쇼는 매주 (화~금) PM 2시~4시 팟빵앱을 통해 라이브로 들을 수 있습니다.라이브 파일은 당일 밤 팟빵에 업로드됩니다."
